,x,y
AAACATACAACCAC-1,6.6008353,2.0388663
AAACATTGATCAGC-1,2.6953287,1.7681888
AAACGCACTGGTAC-1,5.7056184,1.6372259
AAACGCTGTAGCCA-1,8.414455,4.019805
AAACTTGATCCAGA-1,4.309919,5.9711404
AAAGAGACGAGATA-1,3.188064,1.4241102
AAAGAGACGGACTT-1,9.266798,4.3066435
AAAGAGACGGCATT-1,8.5475645,4.692288
AAAGCCTGTATGCG-1,3.3167083,3.1413443
AAAGTTTGTAGAGA-1,8.938197,5.208634
AAATCAACACCAGT-1,8.368895,5.541725
AAATCAACCAGGAG-1,5.220608,7.0324674
AAATCAACGGAAGC-1,3.092271,5.434576
AAATCAACTCGCAA-1,3.212466,0.67114776
AAATCCCTCCACAA-1,9.176025,4.2701283
AAATGTTGCCACAA-1,4.4494658,3.150498
AAATTCGAAGGTTC-1,7.449588,3.300416
AAATTCGAGGAGTG-1,4.6276054,7.913652
AAATTGACTCGCTC-1,4.4677553,1.3669363
AACAAACTCATTTC-1,5.8553205,5.2245016
AACAAACTTTCGTT-1,3.9794474,3.9588304
AACAATACGACGAG-1,4.6565104,7.9940853
AACACGTGCAGAGG-1,5.073815,2.8384438
AACACGTGGAAAGT-1,5.9231424,1.3666848
AACACGTGGCTACA-1,5.229281,7.341181
AACCCAGATCGCTC-1,6.2700267,5.0577817
AACCGATGCTCCCA-1,3.8978407,4.9375525
AACCGCCTAGCGTT-1,3.501909,3.2504702
AACCTACTGTGTTG-1,4.9338994,7.659301
AACCTTACGAGACG-1,5.4370413,6.2804837
AACCTTTGGACGGA-1,3.8950045,5.678383
AACGCAACAAGTAG-1,5.41291,2.6576385
AACGCATGACCCAA-1,4.9133053,1.0571676
AACGCATGCCTTCG-1,5.759716,6.6091475
AACGCATGTACTTC-1,4.3949733,1.3289177
AACGCCCTCGGGAA-1,5.511715,1.1270424
AACGCCCTGGCATT-1,6.3360176,1.7861191
AACGTGTGAAAGCA-1,3.1072195,5.247691
AACGTGTGTCCAAG-1,7.1250463,4.7481027
AACGTGTGTGCTTT-1,3.0358474,2.25208
AACTACCTTAGAGA-1,4.6784782,7.251221
AACTCTTGCAGGAG-1,5.1928453,2.3817096
AACTTGCTGGGACA-1,5.573718,5.5980678
AAGAACGAGTGTTG-1,8.9634075,4.979179
AAGACAGAGGATCT-1,5.152349,7.802333
AAGATTACAACCTG-1,5.5976634,7.080838
AAGCAAGAGCGAGA-1,5.2891064,1.3416963
AAGCACTGCATACG-1,9.220959,4.4725904
AAGCCAACGTGTTG-1,5.013253,6.71062
AAGCCATGCGTGAT-1,3.919049,4.758541
AAGCCATGTCTCGC-1,8.748178,3.8113575
AAGCCTGACATGCA-1,5.453568,2.5176203
AAGCGACTGTGTCA-1,5.5339546,7.5773315
AAGCGTACGTCTTT-1,7.604069,5.283639
AAGGTCTGACAGTC-1,5.40871,3.99017
AAGGTCTGCAGATC-1,8.988531,5.1487947
AAGTATACCGAACT-1,3.2793372,2.5786638
AAGTCCGACTTGTT-1,6.494917,6.445018
AAGTCCGATAGAAG-1,4.7576513,8.15624
AAGTCTCTAGTCGT-1,4.657561,5.747277
AAGTTCCTTCTTAC-1,5.517414,1.2502203
AATAAGCTCGAATC-1,3.2433643,5.7371635
AATAAGCTCGTTGA-1,6.553554,5.249862
AATACCCTGGCATT-1,3.70651,5.6010137
AATCCTACCGGTAT-1,5.665821,6.663841
AATCGGTGTGCTTT-1,5.3615427,6.2610173
AATCTAGAAAAGTG-1,5.212681,1.6810684
AATCTAGAATCGGT-1,4.997545,7.7781386
AATCTCACTCTAGG-1,3.8592153,4.1153717
AATCTCTGAACAGA-1,5.096419,6.762576
AATGGCTGCGTGAT-1,5.8028507,1.3832892
AATGGCTGTGAAGA-1,3.7006578,5.7975063
AATGTAACGGTGGA-1,4.9180355,5.262528
AATGTCCTCTTCTA-1,5.327623,3.1319525
AATGTTGACAGTCA-1,3.182613,2.3072789
AATGTTGATCTACT-1,3.045487,0.9269016
AATTACGACTTCTA-1,4.8238435,6.5509486
AATTACGAGTGAGG-1,3.984275,1.0670723
ACAAAGGAGGGTGA-1,6.8003125,6.560919
ACAACCGAGTTACG-1,4.960043,1.9861687
ACAAGAGACTTATC-1,8.271875,4.5774207
ACAATCCTAACCGT-1,5.5061836,1.9891763
ACACGAACAGTTCG-1,5.4929695,3.1209123
ACAGACACGGCATT-1,6.312679,3.091595
ACAGACACGTTGTG-1,4.5018377,3.8994339
ACAGGTACCCCACT-1,3.6763115,6.0425754
ACAGTCGACCCAAA-1,8.726601,4.5962405
ACAGTGTGGTCACA-1,8.756338,5.0035214
ACATGGTGAAGCCT-1,3.467383,0.78045213
ACATGGTGCGAGTT-1,4.3202715,6.445199
ACATTCTGGCATAC-1,3.1707122,4.180681
ACCAACGACATGCA-1,8.174293,4.4300966
ACCACAGAAAGTAG-1,7.6871395,4.6140165
ACCACAGAGTTGGT-1,4.732413,5.1192284
ACCACCTGTGTGCA-1,7.013542,5.685633
ACCACGCTACAGCT-1,5.519562,6.60637
ACCACGCTGCGAGA-1,4.5301104,3.5640807
ACCACGCTGCTGTA-1,5.4806104,1.4905213
ACCAGCCTGACAGG-1,2.7364788,2.32953
ACCAGTGAGGGATG-1,4.4381657,7.16216
ACCATTACCTTCTA-1,5.0493307,4.4263544
ACCATTACGAGATA-1,3.163098,0.5544489
ACCATTTGTCATTC-1,6.2807035,4.2345
ACCCAAGAGGACAG-1,3.0371153,2.385756
ACCCACTGGACAGG-1,8.762366,5.4269886
ACCCAGCTCAGAAA-1,5.5345664,2.8089871
ACCCAGCTTGCTTT-1,5.217312,4.5550637
ACCCGTTGCTGCAA-1,5.5257807,6.494829
ACCCTCGACCTATT-1,5.6567144,2.1371899
ACCGTGCTACCAGT-1,3.3147526,0.67829245
ACCTCCGAGTCCTC-1,5.338398,1.9108268
ACCTCCGATATGCG-1,6.3762665,4.1420255
ACCTCCGATGCTGA-1,8.60154,3.7452674
ACGAAGCTCTCCAC-1,9.03054,5.1539717
ACGACCCTGATGAA-1,6.6860023,6.269374
ACGACCCTTGACCA-1,5.45588,5.540792
ACGAGGGACGAACT-1,4.4672494,5.7519326
ACGAGGGATGTAGC-1,3.055651,1.2010664
ACGATGACAATGCC-1,4.7053304,2.8277957
ACGATGACTGGTCA-1,3.0578825,0.9528378
ACGATTCTACGGGA-1,8.462583,3.5621436
ACGCCGGAAAGCCT-1,5.452802,5.3215647
ACGCCGGAAATGCC-1,5.962365,3.2084193
ACGCGGTGGCGAGA-1,3.5853293,5.756706
ACGCTCACAGTACC-1,4.9509478,5.733103
ACGCTCACCCTTGC-1,5.1929145,5.9619846
ACGGATTGGTTAGC-1,4.2532377,1.6075025
ACGGCTCTGAGCAG-1,3.2361372,1.6045728
ACGGCTCTTGCACA-1,4.7678847,3.804623
ACGGTAACGGTGGA-1,8.824909,5.1984944
ACGGTCCTAACGGG-1,4.184233,1.0817484
ACGGTCCTCGGGAA-1,4.6879883,1.8826112
ACGTAGACAACCAC-1,2.9661689,2.409764
ACGTCAGAAACGAA-1,5.8436766,3.9797657
ACGTCAGAGGGATG-1,7.186636,3.1381931
ACGTGATGGGTCTA-1,5.5313635,7.2593174
ACGTGCCTCCGTAA-1,3.3623693,1.2925583
ACGTTACTTTCCAT-1,5.07814,1.3630027
ACGTTGGAAAAGCA-1,5.284344,7.233175
ACGTTTACATCAGC-1,5.904218,5.622726
ACTAAAACCCACAA-1,6.060027,2.0952392
ACTACGGAATTTCC-1,5.323294,2.880035
ACTACGGACCTATT-1,5.897124,6.0630217
ACTACGGATCGCTC-1,4.6895967,5.341321
ACTACTACTAAGGA-1,5.113121,7.437412
ACTAGGTGGAACTC-1,3.5007226,3.4138176
ACTATCACTGCCAA-1,4.6491637,5.527569
ACTCAGGACTGAAC-1,4.255918,5.3615503
ACTCCTCTCAACTG-1,2.636757,1.9507375
ACTCTCCTGACACT-1,8.878461,5.2901993
ACTCTCCTGCATAC-1,2.8838687,6.11904
ACTCTCCTGTTTGG-1,4.2453403,5.7301016
ACTGTTACTGCAGT-1,6.595735,7.090807
ACTTAAGAACCACA-1,5.638797,7.655748
ACTTAGCTGGGAGT-1,3.9711576,0.9147199
ACTTCAACAAGCAA-1,2.2941346,2.2777975
ACTTCCCTTTCCGC-1,5.9601626,6.938543
ACTTGGGAGGTTTG-1,5.2034817,0.82638824
ACTTGTACCTGTCC-1,8.7543545,5.3322086
ACTTTGTGGAAAGT-1,6.0862274,5.288525
AGAAAGTGCGCAAT-1,5.7467,5.0557795
AGAACAGAGACAAA-1,4.5676475,1.5447663
AGAACGCTTTGCTT-1,7.2447443,6.9148216
AGAAGATGTGACTG-1,4.150825,2.1744463
AGAATTTGTAACCG-1,4.544573,4.7827525
AGAATTTGTAGAGA-1,7.7190943,6.21096
AGACACACTGTAGC-1,3.1144214,5.5209827
AGACCTGACCAACA-1,2.8764346,3.2031174
AGACGTACAGAGGC-1,5.552018,1.9450256
AGACTGACCCTTTA-1,4.751584,8.179806
AGAGATGACTGAAC-1,7.2742987,5.3723397
AGAGATGATTGTGG-1,4.365205,4.071415
AGAGTGCTCAGCTA-1,7.3411226,3.6545649
AGAGTGCTCGAATC-1,3.6072452,6.4583225
AGAGTGCTGTCATG-1,4.959247,3.6002402
AGATATACGATGAA-1,5.4488235,1.8122915
AGATTCCTATCGTG-1,2.8516736,3.3831007
AGCAAAGATATGCG-1,3.7061768,4.6906633
AGCACAACAGTCTG-1,7.0592875,6.934956
AGCACTGAGGGAGT-1,4.666731,5.477972
AGCACTGATATGCG-1,5.2329636,1.5012293
AGCACTGATTGCGA-1,4.328563,4.547158
AGCATCGAAGATCC-1,4.167394,1.5828235
AGCATCGAGTGAGG-1,4.178725,1.8133799
AGCCAATGTATCTC-1,3.8808281,4.095316
AGCCGGTGCCAATG-1,2.6924834,1.9122312
AGCCGGTGTGTTTC-1,5.624105,4.002364
AGCCGTCTCAATCG-1,4.638388,7.336796
AGCCGTCTGAGAGC-1,3.7383983,2.1771376
AGCCTCACGTTCGA-1,7.1405563,4.4917197
AGCGAACTGGATCT-1,4.644144,6.441741
AGCGAACTTACTGG-1,4.9705462,2.709236
AGCGATACGGAGCA-1,6.7913113,6.4475355
AGCGCCGAATCTCT-1,8.415737,3.9342046
AGCGCCGACAGAGG-1,2.472698,2.4897337
AGCGCTCTACCTTT-1,3.0531707,3.9272022
AGCGGCACCGGGAA-1,5.1459675,7.975162
AGCGGCTGATGTGC-1,5.7538133,5.805303
AGCGGGCTTGCCAA-1,6.5376663,4.244992
AGCGTAACATGCTG-1,4.193679,0.9640089
AGCTCGCTACTGGT-1,5.12288,6.0932317
AGCTCGCTCTGCTC-1,5.0696254,7.5447626
AGCTGAACCTCTCG-1,3.3013642,5.213017
AGCTGCCTTTCATC-1,2.2810175,2.6009414
AGCTGCCTTTCTGT-1,6.744963,3.599314
AGCTGTGATCCAAG-1,8.6671095,4.49678
AGCTTTACAAGTAG-1,3.668506,4.8191075
AGGAAATGAGGAGC-1,3.306197,1.9667995
AGGAATGATAACGC-1,6.456586,1.808261
AGGAATGATTTGTC-1,3.7921999,2.815627
AGGAGTCTGGTTTG-1,4.369749,5.7001786
AGGAGTCTTGTCAG-1,4.9728527,5.751372
AGGATAGACATTTC-1,3.6807802,3.0654583
AGGCAACTGAAGGC-1,6.453864,2.4090538
AGGCCTCTAGTCGT-1,5.2930045,5.731253
AGGCCTCTCGGAGA-1,4.789331,5.804782
AGGCCTCTCGTAAC-1,8.32834,4.802305
AGGGACGACGTTGA-1,5.3426495,5.281433
AGGGACGAGTTGTG-1,3.0719945,5.4054585
AGGGAGTGAGCCTA-1,7.620178,3.9232686
AGGGCCACCATACG-1,5.249573,7.214661
AGGGCGCTATGGTC-1,3.2133527,2.0218081
AGGTGGGAAGAATG-1,6.316526,3.0701466
AGGTGGGAAGTTCG-1,4.886643,6.5401535
AGGTTCGAGGGTGA-1,8.955943,5.2432
AGTAAGGAGTTTGG-1,4.9669466,1.7551738
AGTAAGGATTCTTG-1,4.740697,2.0442345
AGTAATTGTCCCAC-1,3.492471,3.959822
AGTACGTGAGGGTG-1,5.5249653,5.419144
AGTACGTGCTGCAA-1,3.8025968,3.8746219
AGTACGTGCTTGGA-1,4.384159,1.944549
AGTACTCTCGGTAT-1,4.2445936,3.0995831
AGTATCCTAGAACA-1,6.26871,7.1150565
AGTCAGACGAATAG-1,2.4434664,2.3404403
AGTCAGACGCTTAG-1,9.371558,4.7210474
AGTCAGACTGCACA-1,4.6217513,2.2920518
AGTCCAGATATCTC-1,7.4516654,6.2552404
AGTCCAGATTTCAC-1,4.817507,4.169624
AGTCGAACCAACCA-1,6.499541,6.5142164
AGTCGCCTCCGTAA-1,3.2145784,0.54677606
AGTCTTACACCACA-1,5.1316414,7.96124
AGTGTTCTAACCTG-1,4.80694,2.268479
AGTGTTCTATAAGG-1,8.280811,5.43378
AGTTAAACCACTTT-1,3.1345387,3.6764493
AGTTATGACTGAGT-1,2.957061,1.5911146
AGTTATGAGTTCAG-1,5.5399456,1.0176184
AGTTGTCTACTACG-1,5.0058317,6.954369
AGTTTAGATGGTCA-1,4.376086,7.237868
AGTTTGCTACAGTC-1,6.3273125,7.1952333
AGTTTGCTCCAAGT-1,5.902971,3.1884663
ATAAACACCACCAA-1,4.0014687,7.640777
ATAACAACGTCTAG-1,6.8716893,3.3566074
ATAACAACTTTGTC-1,4.574753,4.3443184
ATAACATGTACTCT-1,4.4010935,1.7461283
ATAACCCTGTTGGT-1,8.851071,4.8173738
ATAACCCTTGGTAC-1,3.251203,2.395462
ATAAGTTGTCTAGG-1,3.6097615,3.5875921
ATAATCGATGGTTG-1,4.191414,6.27147
ATAATGACCTACTT-1,5.06338,3.613264
ATACAATGTTAGGC-1,6.0634933,3.3552146
ATACCGGACTTCGC-1,3.036333,3.519252
ATACCGGATCTCGC-1,7.1062226,4.373588
ATACCTACGCATCA-1,3.7723744,2.4584827
ATACCTTGGGGCAA-1,4.90942,7.2823696
ATAGATACCATGGT-1,3.7455342,1.8927541
ATAGATACGACGAG-1,6.241841,5.7614183
ATAGCCGAACGGAG-1,5.3277745,4.92084
ATAGCGTGCAGATC-1,5.752092,4.456089
ATAGCGTGTCTCTA-1,3.3385682,1.6445643
ATAGCTCTCTGATG-1,6.88312,5.4822044
ATAGCTCTGAGGTG-1,3.7191458,5.789417
ATAGGCTGTCAGAC-1,4.019074,7.4553223
ATAGTCCTTGTCGA-1,3.5401602,6.6418834
ATAGTTGACAACTG-1,4.7652535,3.7167625
ATAGTTGAGACGTT-1,9.068824,4.145538
ATAGTTGATAAGCC-1,5.8106284,2.5836296
ATATACGAAGCCAT-1,4.0528626,6.9241962
ATATACGAATTGGC-1,2.5269547,3.3969362
ATATGCCTGGACAG-1,4.059217,7.444705
ATATGCCTTCTCTA-1,7.880856,4.0010767
ATATGCCTTGGTAC-1,5.2494664,4.5287414
ATCAACCTAAACGA-1,2.5959246,3.835428
ATCAACCTGAGGAC-1,3.7827938,5.8602734
ATCACACTTTGTCT-1,4.5382037,5.036149
ATCCAGGATGGAAA-1,5.422955,1.6555761
ATCGACGAATGACC-1,4.6287746,7.4381213
ATCGCCTGGGTCAT-1,3.5977442,4.156057
ATCGCGCTGGGATG-1,5.6858907,1.1769656
ATCGGAACCAGTCA-1,7.566535,4.1266828
ATCGGTGAGTCAAC-1,5.8580947,6.3977394
ATCGGTGATTGCAG-1,6.0690985,3.3230586
ATCTACACCGGGAA-1,4.006875,3.2996845
ATCTCAACCTCGAA-1,9.210133,4.329723
ATCTGTTGAACGGG-1,3.5465117,2.285319
ATCTGTTGACCTCC-1,4.185209,4.0569515
ATCTGTTGGTTGCA-1,4.711139,1.0615702
ATCTTGACACCAAC-1,2.6673431,4.3439965
ATCTTTCTGCATCA-1,9.208833,4.2850165
ATGAAACTCTGTGA-1,5.5926228,1.0211233
ATGAAACTGAGGCA-1,6.533988,5.687647
ATGAGAGAAAGTGA-1,4.8538046,2.8124115
ATGAGAGAACGCAT-1,6.3948917,4.9461503
ATGAGCACACAGCT-1,4.0323715,7.670878
ATGAGCACATCTTC-1,4.341884,6.5391355
ATGATATGAAACAG-1,2.3968174,3.1793709
ATGATATGACTGGT-1,5.784635,5.7631645
ATGATATGAGCACT-1,5.3613377,5.43851
ATGATATGGTCATG-1,4.349575,5.531954
ATGCACGACTGTAG-1,6.030194,2.4771686
ATGCACGAGTTCGA-1,5.729085,6.64041
ATGCAGTGTTCTAC-1,5.639176,2.1975055
ATGCCAGAACGACT-1,3.1869483,4.1029706
ATGCGATGCTGAGT-1,5.9389896,3.5958335
ATGCGCCTTCATTC-1,6.158041,6.5515046
ATGCTTTGCGAATC-1,3.0882113,2.6006618
ATGGACACATCGGT-1,3.2592685,2.0445652
ATGGGTACTATTCC-1,3.4166777,3.2119057
ATGGGTACTGGGAG-1,5.379882,1.1474875
ATGTAAACACCTCC-1,6.229078,2.3437963
ATGTAAACCCGCTT-1,2.788121,2.9221342
ATGTAAACTCTCCG-1,3.2483883,1.6834993
ATGTACCTCAGTCA-1,6.7831936,2.6480398
ATGTACCTTAGTCG-1,5.1412387,0.73347044
ATGTCACTCTGCTC-1,7.4072876,4.128272
ATGTCGGAGGTGAG-1,2.9350803,2.3134108
ATGTTCACCGTAGT-1,5.0699453,1.5910265
ATGTTGCTTTCAGG-1,5.7928247,1.2612429
ATTAAGACTGCAGT-1,4.1293573,2.6899045
ATTAGATGTTTCAC-1,6.7736006,7.179199
ATTATGGAATCTCT-1,2.8356419,4.922174
ATTCAAGAACGGGA-1,4.0678763,6.647062
ATTCAAGACCTTTA-1,5.1315384,2.4799473
ATTCGGGATTAGGC-1,3.223926,0.59200054
ATTGAATGGACGGA-1,7.401439,2.9235184
ATTGATGAAGGTTC-1,4.905824,6.0944643
ATTGATGACTGAGT-1,4.5349474,5.140952
ATTGATGAGCGAAG-1,4.005175,1.3410045
ATTGATGATCTATC-1,5.6791344,6.7395563
ATTGCACTGACGGA-1,5.661749,6.8497343
ATTGCACTTAGCCA-1,4.3305836,3.0584896
ATTGTAGATTGCAG-1,7.04325,3.8534987
ATTGTCTGCGTACA-1,2.822969,4.560631
ATTTAGGACAGAGG-1,2.4902136,3.78898
ATTTCCGAGATGAA-1,4.524714,1.6354542
ATTTCCGAGTGCTA-1,4.5290527,3.5214853
ATTTCTCTAGCAAA-1,3.4564626,1.5274864
ATTTCTCTTCCCAC-1,6.1971526,6.6299224
CAAAGCACAGCTCA-1,3.8733659,4.129621
CAAAGCTGAAAGTG-1,8.528141,3.739836
CAAATATGTGACAC-1,4.387024,6.999376
CAAATTGAGGGCAA-1,7.3186765,3.1080685
CAACCAGAAAAGTG-1,5.6513295,7.4862933
CAACCAGAAGTGCT-1,3.2350419,2.6098278
CAACCGCTGTTCAG-1,6.753957,5.926349
CAACCGCTTTGAGC-1,5.2583814,2.1486306
CAAGAAGATTCTAC-1,4.919835,7.2747016
CAAGGACTGTTCAG-1,4.8116746,7.982166
CAAGGTTGCTCCAC-1,5.6573176,2.4147065
CAATATGACATGGT-1,4.3886786,3.4482362
CAATATGACGTTAG-1,6.3621902,6.8243036
CAATATGAGGAGCA-1,6.458667,3.0213015
CAATCGGAGAAACA-1,5.1969767,2.268936
CAATTCACGATAGA-1,3.2926753,4.996051
CAATTCACTTGTGG-1,8.90582,5.03194
CACAACGATACGAC-1,6.0949826,7.1100307
CACAATCTTTCCAT-1,2.5105426,2.7755063
CACACCTGCTTGAG-1,6.4371767,4.8405166
CACACCTGTATGGC-1,6.216876,5.3054466
CACAGAACCTGATG-1,4.095287,0.9546753
CACAGATGGGATTC-1,5.4107876,0.754393
CACAGCCTTGTAGC-1,4.958012,3.3746154
CACATGGAACACGT-1,4.6671324,5.285083
CACATGGAAGTCGT-1,5.4667454,5.512049
CACCACTGCCAACA-1,4.495545,5.920538
CACCCATGTTCTGT-1,9.067703,4.4353848
CACCGGGAATCGAC-1,4.2064333,1.3776222
CACCGGGACGTGTA-1,5.6705937,5.6847587
CACCGGGACTTCTA-1,2.2223895,2.4326892
CACCGTACTAGCGT-1,4.663946,5.234453
CACCTGACCAGAAA-1,6.024513,3.258497
CACCTGACTCGTAG-1,5.7832108,4.664982
CACGCTACAGAAGT-1,7.79051,4.0939374
CACGGGACAGAGTA-1,4.4449625,5.4669356
CACGGGACATAAGG-1,5.49611,6.6528983
CACGGGACGTAGGG-1,4.264233,5.3112135
CACGGGTGTGTTTC-1,8.90718,5.1249666
CACTAACTGAAAGT-1,5.0672207,6.278291
CACTGCACTTCATC-1,4.6000066,1.9463842
CACTGCTGGAAAGT-1,5.6676826,1.8959144
CACTTAACCGAATC-1,4.7721634,1.2309345
CACTTTGAGCTGTA-1,8.917653,4.340618
CAGAAGCTCTCAAG-1,5.604618,7.6105504
CAGACATGAACGGG-1,5.2307844,6.967902
CAGACATGTCGACA-1,4.8855705,1.7468966
CAGACCCTAATGCC-1,3.841556,2.6537006
CAGACCCTAGGAGC-1,4.4743495,7.375882
CAGACTGAGTATGC-1,3.8019323,4.3671846
CAGATCGATATGGC-1,6.0022454,4.1420712
CAGCAATGCCTTCG-1,4.9338226,4.3779206
CAGCAATGGTGCTA-1,2.9202218,5.117375
CAGCAATGTGACCA-1,6.1150713,3.3720524
CAGCACCTAAGCCT-1,7.039836,3.8045576
CAGCACCTAGGCGA-1,6.734995,5.630468
CAGCCTACCCAACA-1,4.9901223,1.2971704
CAGCCTTGGGGACA-1,4.227811,3.007803
CAGCGGACACCCTC-1,6.896401,5.5530143
CAGCGTCTAAAGCA-1,4.9544535,1.404864
CAGCGTCTTATCGG-1,4.3958025,1.8032784
CAGCTCTGAGGCGA-1,4.6656256,1.0249071
CAGGCCGAACACCA-1,5.729381,5.0295367
CAGGCCGAACACGT-1,2.6345031,1.8548912
CAGGCCGAACGACT-1,7.0197005,3.4017806
CAGGGCACCCAACA-1,3.5844839,6.4727845
CAGGGCACTCCCGT-1,4.7451997,1.5416894
CAGGTATGAGTCGT-1,5.1407275,1.2873224
CAGGTATGTGCTTT-1,3.1331656,1.6738747
CAGTGATGGGACAG-1,4.553095,4.7101235
CAGTGTGATGTCAG-1,7.322132,6.2674174
CAGTTACTGATAGA-1,4.5584326,2.9505224
CAGTTGGACATACG-1,3.0132895,5.171732
CAGTTTACCCCAAA-1,6.82925,6.326761
CATAAATGAACTGC-1,7.8602967,5.2693563
CATAACCTTCTCCG-1,3.4977467,3.1901221
CATACTACCTCGAA-1,6.818562,6.9162974
CATACTACCTGAAC-1,6.2508187,6.9418383
CATAGTCTAATCGC-1,5.736705,3.0430017
CATAGTCTCACTTT-1,3.3341446,1.7775079
CATCAACTAGAAGT-1,6.020245,1.8972145
CATCAACTCCCTCA-1,4.299498,3.2427518
CATCATACTCAAGC-1,5.1276035,6.524436
CATCGCTGGGATCT-1,3.652826,3.1240435
CATCGGCTATGCTG-1,4.730013,4.352364
CATCGGCTTTGGCA-1,5.2027903,1.6792537
CATGAGACTCGCCT-1,7.6840196,4.075615
CATGCCACGGGTGA-1,7.0159035,4.062932
CATGCCACTGCCAA-1,4.243527,2.7215412
CATGGCCTGTGCAT-1,4.157274,6.9529004
CATGTTACCTGAGT-1,4.953455,8.207856
CATTACACGGAGTG-1,2.4427812,3.4408357
CATTACACTACTCT-1,3.4952931,6.152611
CATTGGGACTCGAA-1,7.478437,3.2626262
CATTGTACAGCGTT-1,3.5385585,6.3523984
CATTGTACTTATCC-1,6.4024963,5.106185
CATTGTTGCTAGTG-1,6.292884,5.81513
CATTTGTGCATTGG-1,3.8444736,5.5303993
CATTTGTGCGGAGA-1,6.0372844,6.9606037
CCAAGAACCCAATG-1,7.218137,3.1660037
CCAAGAACGTAGCT-1,4.4505444,1.584324
CCAAGAACGTGTCA-1,6.488716,3.669089
CCAAGATGTCATTC-1,6.8468432,3.4370213
CCAAGATGTTTCAC-1,5.1723585,1.4435076
CCAAGTGAGGAACG-1,3.5770333,6.995741
CCAAGTGATCAAGC-1,3.6264887,5.2445984
CCACCATGAACGTC-1,4.4742103,6.519966
CCACCATGATCGGT-1,6.388972,6.619764
CCACCATGGGGAGT-1,4.2771344,7.060267
CCACTGTGTGTAGC-1,7.063459,6.31944
CCAGAAACGAACTC-1,3.53805,4.1482453
CCAGAAACGGTCTA-1,4.2905645,6.102859
CCAGACCTTGTGGT-1,8.347515,3.698066
CCAGCGGATGGGAG-1,2.408933,3.2410688
CCAGCTACACAGTC-1,5.4981575,5.7727647
CCAGGTCTATGGTC-1,5.2183275,3.7089653
CCAGTCACGTTGTG-1,3.7186227,6.4507675
CCAGTGCTAACCAC-1,2.4032483,3.139663
CCAGTGCTCGTAGT-1,5.698454,1.562834
CCATCCGAAAGCAA-1,6.922484,3.3574576
CCATCCGAACGACT-1,9.379538,4.6952868
CCATCGTGAACGGG-1,4.565914,1.0479529
CCCAACACGCATCA-1,4.8579397,6.1064477
CCCGATTGTGTTTC-1,5.0919437,4.129452
CCCTAGTGCAAAGA-1,2.9806795,2.6765165
CCCTCAGACGAGAG-1,3.6417909,6.022483
CCCTCAGAGGTCAT-1,6.805191,5.0262356
CCCTGATGCAACCA-1,6.3270593,2.5802264
CCCTTACTGCAGTT-1,9.297287,4.339661
CCGACACTGGTTTG-1,3.9671066,3.079305
CCGACTACCGTGTA-1,7.4786553,6.223303
CCGACTACTGAGGG-1,5.6500654,2.0730176
CCGATAGACCTAAG-1,7.413779,6.244392
CCGGTACTGTCCTC-1,3.9569657,7.567526
CCGTACACAAGCAA-1,5.7287717,4.0873885
CCTAAACTTTCGTT-1,4.2992425,6.7958803
CCTAAGGACCCAAA-1,6.2629824,5.275042
CCTAAGGAGGGCAA-1,8.986617,4.117784
CCTAAGGATGATGC-1,5.4941483,1.4384446
CCTAAGGATGTCAG-1,4.399622,5.696738
CCTACCGACTCTTA-1,5.702462,5.256193
CCTATAACCAAAGA-1,5.207755,7.569668
CCTATAACTCAGAC-1,5.2719307,5.7349787
CCTCGAACGTATCG-1,5.8048663,3.4674819
CCTCGAACTTACTC-1,5.492435,1.8754787
CCTCTACTGGCATT-1,6.142557,6.8542867
CCTGACTGGGGAGT-1,3.6750474,7.035456
CCTGGACTCGTGAT-1,6.9044514,2.8399012
CCTTCACTACGACT-1,3.2154548,5.7778273
CGAACATGTCAGAC-1,6.804615,2.6007261
CGAAGACTGTTACG-1,5.519191,3.1075444
CGAATCGAGGAGGT-1,3.489992,4.2211385
CGACAAACCCATAG-1,6.1516376,2.3156328
CGACCGGAAGGTCT-1,5.5882254,6.5905795
CGACCGGATGGAAA-1,3.571295,1.5351397
CGACCTTGCTAGTG-1,5.014172,2.3160794
CGACGTCTCGTGTA-1,4.460091,1.0085943
CGACGTCTGAGGCA-1,8.840311,4.9315934
CGACTCACGTCGTA-1,4.4535127,3.9246655
CGACTCACGTTGCA-1,8.907812,4.7221484
CGACTCTGTGTGAC-1,5.266291,0.7665553
CGAGAACTACGTTG-1,6.538404,5.767476
CGAGATTGGCCATA-1,9.239358,4.3860087
CGAGCCGAACACCA-1,5.1782703,3.612552
CGAGCCGAGGCGAA-1,6.7905016,2.9670594
CGAGCGTGCTCCAC-1,3.3725524,2.0282047
CGAGCGTGGATACC-1,6.605616,2.8410616
CGAGGAGATGTCGA-1,8.923026,5.269534
CGAGGGCTCGAATC-1,8.975993,4.259899
CGATACGACAGGAG-1,2.3781016,2.2391276
CGATAGACCGTACA-1,4.3947253,2.3703918
CGATAGACTGTTCT-1,7.9388943,3.5165925
CGATCAGAGAGGGT-1,4.874953,1.269823
CGATCAGAGGTACT-1,2.7871735,3.5049582
CGCAAATGCTCGAA-1,9.34073,4.63632
CGCAACCTCCTTGC-1,3.336385,4.6795907
CGCAACCTGGACGA-1,5.752689,2.673904
CGCACGGATCTTTG-1,7.510525,6.3832054
CGCACTACAGAATG-1,5.837729,4.6580195
CGCACTACAGCCAT-1,2.6740546,3.9731312
CGCACTACATTGGC-1,5.2265906,1.6808078
CGCAGGACCTACTT-1,8.733612,5.402055
CGCAGGTGCACTGA-1,4.977454,2.5065384
CGCAGGTGGGAACG-1,3.4063606,1.214163
CGCCATACTGCAAC-1,3.1490219,2.2084801
CGCCATTGAGAGGC-1,5.6657186,6.623193
CGCCATTGCTATGG-1,3.72355,4.1587534
CGCCATTGGAGACG-1,4.981429,3.3501964
CGCCTAACTGCTCC-1,3.7721124,2.2022972
CGCGAGACACAGCT-1,6.166676,1.920303
CGCGAGACGCTACA-1,5.3218584,0.790622
CGCGGATGGCCAAT-1,6.275757,1.7517551
CGCTAAGAATGTCG-1,3.4073665,2.018526
CGCTAAGACAACTG-1,3.7738323,5.568398
CGCTAAGACCCTTG-1,4.8957667,1.0919539
CGCTACTGAGAACA-1,3.4068065,2.3463175
CGCTACTGTGAGCT-1,7.411846,5.8197803
CGGAATTGGTTTGG-1,5.6792555,2.9860294
CGGAATTGTGGAGG-1,3.2128744,0.58498865
CGGACCGATGGGAG-1,8.376384,4.407191
CGGACTCTCCAATG-1,5.221029,2.9607785
CGGAGGCTATTCCT-1,9.08176,4.3567066
CGGAGGCTTGGATC-1,6.055329,6.514872
CGGATAACAGCTCA-1,5.1915417,0.87523955
CGGCACGAAGGGTG-1,4.967595,5.7953253
CGGCCAGAAAGGTA-1,6.116422,2.794168
CGGCGAACGGTCTA-1,3.4523568,2.031783
CGGGACTGCGTGTA-1,3.6056366,6.953963
CGGGCATGACCCAA-1,9.407595,4.626287
CGGGCATGTTGTGG-1,5.395228,5.863596
CGGTAAACTCGCAA-1,2.4710162,2.858855
CGGTCACTGTTTGG-1,4.037399,2.3268347
CGGTCACTTACTTC-1,4.114175,2.1206822
CGTAACGATCGCCT-1,2.3946116,3.6731973
CGTACCACACACAC-1,2.8086169,4.765468
CGTACCACACGTTG-1,7.0767636,6.367931
CGTACCACCTCATT-1,3.5366645,5.6817484
CGTACCACGGAGCA-1,4.4990644,6.488544
CGTAGCCTGCGAAG-1,4.8457823,2.12843
CGTCAAGAACGTGT-1,4.2699776,5.183002
CGTCAAGACAGAGG-1,3.9356034,2.6643705
CGTCCATGCTCTTA-1,5.0171967,3.576741
CGTGATGACGCTAA-1,6.400304,5.915951
CGTGTAGAAAAACG-1,5.2329836,2.2903316
CGTTAGGAAACCAC-1,4.1209,6.099584
CGTTTAACTGGTCA-1,5.9082904,2.3757355
CTAACACTAACGTC-1,6.177764,1.7308753
CTAACGGATTTCTG-1,5.1489825,5.149538
CTAACTACGGCAAG-1,7.48921,4.0140805
CTAAGGACACCATG-1,4.6906915,6.0287733
CTAAGGACCGTTAG-1,4.0144215,7.5547333
CTAAGGTGTTGCAG-1,4.6925025,3.8150342
CTAAGGTGTTTCTG-1,9.144432,4.5026283
CTAATAGAGCTATG-1,9.202346,4.87292
CTACCTCTCAACCA-1,6.1623096,2.5606854
CTACGCACTCTCCG-1,3.2633677,0.57335204
CTACTATGCTAAGC-1,5.940702,4.8810925
CTAGAGACACTTTC-1,3.0993552,2.1436596
CTAGATCTCTCTAT-1,4.6608143,4.7907925
CTAGATCTTCGACA-1,4.356821,3.5774984
CTAGGCCTCTCAGA-1,6.1417384,2.3409097
CTAGTTACCAGAGG-1,5.09794,4.148333
CTAGTTACCGCATA-1,3.9606853,5.539544
CTATACTGCCAGTA-1,4.9355173,6.645102
CTATACTGTTCGTT-1,2.9056518,6.096596
CTATAGCTGTCACA-1,6.4494367,6.998905
CTATCAACGAACTC-1,3.9076774,5.687467
CTATCAACGCAGAG-1,2.7038057,3.9294162
CTATCAACTTTGGG-1,6.9754624,7.0045304
CTATGTACGAGAGC-1,2.4841194,3.5247428
CTATGTACGCTTAG-1,6.873614,2.9670038
CTATGTTGAAAGCA-1,5.0955844,1.5098236
CTATGTTGTCCTCG-1,7.5066123,4.2082796
CTATGTTGTCTCGC-1,3.6743317,1.2147547
CTATTGTGGCAAGG-1,7.5528607,3.0945556
CTCAATTGGTTCAG-1,3.3258734,3.8604257
CTCAGAGATAGAAG-1,3.7893193,4.979373
CTCAGCACTCTAGG-1,3.4237409,1.8250589
CTCAGCACTTGCAG-1,6.775822,5.429145
CTCAGCTGCAGTTG-1,5.735586,2.1358519
CTCAGGCTGCTAAC-1,5.641193,1.3064251
CTCATTGACCTTAT-1,3.1183455,2.6844716
CTCCATCTCTTAGG-1,6.4688463,4.9811673
CTCCATCTGACGAG-1,3.9843957,2.4240315
CTCGAAGATGTGGT-1,5.267247,6.927084
CTCGACTGCTCTAT-1,7.412253,4.3721356
CTCGACTGGGTGAG-1,5.4376416,5.385551
CTCGCATGCTTAGG-1,3.726342,2.6996317
CTCTAAACCTCGAA-1,3.0539908,5.2651215
CTCTAAACGGCGAA-1,5.278261,7.530844
CTGAACGACAGTCA-1,4.2468686,4.3413553
CTGAACGATGAGGG-1,5.8267794,1.3609167
CTGAAGACCCAACA-1,5.050898,1.6329745
CTGAAGTGGCTATG-1,5.2455006,4.91793
CTGAAGTGTCCAGA-1,4.76987,3.9115279
CTGAATCTGAATAG-1,4.8131003,2.5396304
CTGACCACAGCAAA-1,2.6927106,4.394889
CTGAGAACCGGGAA-1,3.7917042,1.6607094
CTGATACTAGTAGA-1,7.37254,6.035075
CTGCAGCTAACCGT-1,5.6382284,7.5981836
CTGCAGCTGACACT-1,6.278459,4.7713933
CTGCCAACAGGAGC-1,5.669647,4.9894986
CTGCCAACCAGCTA-1,3.4535818,5.1234426
CTGCCAACTTGCAG-1,6.409992,5.6743717
CTGCGACTCCACCT-1,9.23393,4.3107533
CTGGAAACATCGAC-1,3.915355,2.797701
CTGGATGACTTGTT-1,7.4013686,2.9570289
CTGTAACTAACCAC-1,4.8034296,2.1775377
CTGTAACTAGCGTT-1,4.0992727,4.269679
CTGTATACGTAAAG-1,8.76784,4.889157
CTGTATACGTTGGT-1,6.2033834,3.3422503
CTTAAAGAACCTGA-1,5.6181183,6.217708
CTTAACACCTGTAG-1,4.099791,2.5841436
CTTAAGCTACCTAG-1,3.7293453,6.087777
CTTAAGCTAGTACC-1,9.40061,4.475477
CTTAAGCTCATCAG-1,3.2350254,5.4168344
CTTACAACTAACGC-1,4.40731,4.2624817
CTTACTGACGTACA-1,7.64223,5.4976506
CTTAGACTAAACGA-1,5.5106606,2.515079
CTTAGGGACTTGCC-1,4.1722507,2.6656327
CTTAGGGAGAATCC-1,6.8042107,6.05883
CTTATCGACTCATT-1,5.3173194,3.6530592
CTTCATGAAGTACC-1,7.358565,6.155549
CTTCATGACCGAAT-1,9.1251955,4.461571
CTTGAACTACGCAT-1,6.4424815,2.5423489
CTTGATTGCATTCT-1,3.7061129,1.6608533
CTTGATTGTTTCGT-1,4.6135015,3.447056
CTTTACGAGCGAAG-1,6.842686,6.646238
CTTTAGACCGTGAT-1,9.094784,5.1814322
CTTTAGACGAGACG-1,7.197023,4.7436023
CTTTAGACGATACC-1,5.300355,3.8262537
CTTTAGTGGGTGGA-1,7.3802457,5.740486
CTTTCAGAGAAACA-1,3.0992217,3.644953
CTTTGATGAGCACT-1,6.351405,2.507636
CTTTGATGTGTCCC-1,6.0625486,2.4259362
CTTTGATGTGTGGT-1,3.2897756,5.3426285
GAAACAGAACTACG-1,5.3355694,1.5417867
GAAACAGAATCACG-1,5.3875494,3.9293716
GAAACAGACATTCT-1,2.774401,4.8452635
GAAACCTGATCGTG-1,5.1686683,7.879301
GAAACCTGATGCCA-1,4.9211545,1.047126
GAAACCTGCTTATC-1,4.0125375,2.733813
GAAACCTGTGCTAG-1,4.730684,3.2291827
GAAAGATGATTTCC-1,2.73029,4.049803
GAAAGATGTAAGGA-1,9.009926,4.4832616
GAAAGTGACTCAAG-1,6.009531,1.5929719
GAAATACTTCCTCG-1,3.4933052,1.4019891
GAACACACTGCCTC-1,6.462142,7.002215
GAACCAACCACAAC-1,9.216068,4.7173147
GAACCTGAACGTGT-1,3.0846832,2.6960232
GAACCTGAGAGACG-1,5.080993,5.35897
GAACCTGATGAACC-1,3.8534596,1.5387905
GAACGGGATACTTC-1,3.668257,7.024461
GAAGAATGCAATCG-1,5.3611784,7.9174833
GAAGCTACGGTTTG-1,3.3710122,1.3879493
GAAGGGTGAAAGTG-1,3.38629,4.130604
GAAGGTCTGAAAGT-1,3.082335,3.6295302
GAAGGTCTGTTGCA-1,3.7744238,7.235879
GAAGTCTGTTCTGT-1,7.0358496,6.343698
GAAGTGCTTAACCG-1,3.8602846,1.5076542
GAATGCACCCTAAG-1,4.0036793,2.3371348
GAATGCTGCGGTAT-1,5.7540355,7.5470843
GAATTAACGATAAG-1,5.0709634,6.478966
GAATTAACGGTCAT-1,4.2805486,4.2169657
GACAACACAGGCGA-1,6.8044333,5.298486
GACAACACATCGTG-1,4.0842414,5.694745
GACAACACTCGCCT-1,4.965757,6.6006727
GACAACTGAGGTTC-1,6.308623,2.9687052
GACAGGGAATGCCA-1,2.9855719,4.6436043
GACCTAGACCTCAC-1,8.847003,4.177038
GACCTAGACGAGAG-1,6.3590384,2.6381533
GACCTCACAAGGTA-1,5.598003,7.038178
GACCTCTGCATCAG-1,4.2401004,7.317719
GACGAACTCCCACT-1,5.458169,6.0408196
GACGCCGACCTTCG-1,3.4018278,1.448096
GACGTAACCTATGG-1,3.124992,4.660234
GACGTAACCTGTGA-1,3.4104445,3.2713919
GACGTAACTATGGC-1,2.5808306,2.0331256
GACGTATGTTGACG-1,3.5594902,6.065941
GACGTATGTTTGCT-1,4.171416,6.937166
GACGTCCTACGGAG-1,5.7190003,2.7513711
GACTCCTGCTCGCT-1,5.049309,5.126576
GACTCCTGGGTTAC-1,5.3260717,6.1600804
GACTCCTGTTATCC-1,5.3419256,2.9492373
GACTGATGTGATGC-1,5.253042,7.928544
GACTTTACATGCCA-1,5.0166593,6.1402926
GAGATGCTGAATGA-1,3.1699202,2.8041081
GAGGACGACTCAGA-1,8.129282,4.876122
GAGGGAACACCAGT-1,3.7070136,2.5361414
GAGGGAACGAGGGT-1,3.0247922,0.9735364
GAGGGATGGGAAAT-1,5.350672,2.4227934
GAGGGCCTTCACCC-1,4.398913,2.0463638
GAGGGTGAAGAGTA-1,5.3172803,3.960325
GAGGTACTACGGTT-1,4.635736,7.112584
GAGGTACTGGGAGT-1,7.6593447,3.4672983
GAGGTGGAGTACGT-1,7.9755726,5.5192003
GAGTCAACCATTCT-1,8.650386,4.757091
GAGTCAACGGGAGT-1,6.148745,5.367865
GAGTCTGATCGTGA-1,3.8809736,4.216447
GAGTGACTCAGCTA-1,3.1381304,0.5075438
GAGTGACTGTCTAG-1,3.9480145,6.5527353
GAGTGGGATGCCCT-1,5.931586,7.4230156
GAGTGTTGCTGTAG-1,4.672719,2.7843294
GAGTGTTGTGGTCA-1,2.9845262,4.641504
GATACTCTATCGGT-1,6.279142,5.0670514
GATACTCTTACTTC-1,4.686865,7.5458517
GATAGAGACTGTGA-1,2.659489,3.5775204
GATAGCACCCATAG-1,5.630439,2.5757625
GATAGCACTTGTCT-1,4.019497,7.68758
GATATAACAAGGTA-1,2.7790394,1.9456886
GATATAACACGCAT-1,7.046752,4.865971
GATATATGCTGGAT-1,5.9577546,7.2359605
GATATCCTAGAAGT-1,3.1865141,6.0891848
GATATTGAGCCAAT-1,5.399255,6.4772496
GATCGAACCGAGAG-1,2.878024,2.4820938
GATCGTGACACTAG-1,3.6335282,5.277915
GATCGTGATTCACT-1,4.376097,3.5153158
GATCTACTGGTGAG-1,4.555588,2.9883056
GATCTTACCCTACC-1,3.9226367,3.7404714
GATGCAACTCCAGA-1,5.8659205,4.945383
GATGCCCTACGTAC-1,4.3426394,1.2785606
GATGCCCTCTCATT-1,2.9420366,5.029904
GATGCCCTTTTGCT-1,7.3921623,3.1473598
GATTACCTTGTTCT-1,5.105423,7.693348
GATTCGGAACGACT-1,6.2104774,7.1366544
GATTCTTGCCGATA-1,4.9639125,7.472976
GATTGGTGTGTCAG-1,3.897211,1.359502
GATTTGCTAACGAA-1,3.0136068,5.332938
GCAACTGATTGCGA-1,5.1060734,7.4119
GCAAGACTACTGGT-1,2.8381832,3.0549314
GCAAGACTAGGTCT-1,3.969576,4.1854157
GCAAGACTCCCTTG-1,3.3152888,5.966601
GCAATCGACTGCAA-1,5.182815,2.0458438
GCAATTCTCGTGTA-1,4.7479124,1.4298406
GCAATTCTTCTCCG-1,4.68079,3.1276758
GCACAAACAATGCC-1,7.777652,4.003471
GCACAAACGGTACT-1,4.3528733,2.8349893
GCACCTACGCGATT-1,3.5456512,3.245393
GCACCTTGGCTGTA-1,6.8721857,4.963341
GCACGGACCAGCTA-1,5.391961,1.4369091
GCACGGTGACCTCC-1,5.082669,5.2100835
GCACTAGAACGGGA-1,3.1558943,3.5733886
GCACTAGATGCAAC-1,3.7728322,3.182032
GCAGATACGACGGA-1,6.7113194,5.029367
GCAGATACGCAGAG-1,3.263179,3.9115963
GCAGCCGACAGTCA-1,5.411461,7.89206
GCAGCGTGCACTCC-1,4.4406743,6.5948215
GCAGCTCTCAATCG-1,6.393363,6.937873
GCAGCTCTGTTTCT-1,4.1257706,0.94289917
GCAGGGCTAAGAAC-1,7.2549505,5.380694
GCAGGGCTAAGGGC-1,4.9886775,6.7018023
GCAGTCCTAACTGC-1,4.4887557,5.0414166
GCAGTCCTCTCTTA-1,3.6843698,6.1127424
GCATGTGACAAGCT-1,6.1672854,4.532843
GCATTGGAGAAGGC-1,2.5767736,3.3855486
GCCAAATGATCGAC-1,3.7258506,2.1359427
GCCAACCTACGGTT-1,5.95841,5.9766073
GCCAACCTCGCCTT-1,6.610594,4.991871
GCCACGGATACTGG-1,4.4197803,7.0808215
GCCACTACGTCTTT-1,6.242909,5.783806
GCCCAACTACCGAT-1,4.076807,7.4843774
GCCGAGTGCGTTGA-1,3.969864,1.6591356
GCCGGAACTTACTC-1,5.6667576,2.1366756
GCCGTACTACCTGA-1,7.0094213,6.893109
GCCTACACCTTGAG-1,5.5568137,6.3596463
GCCTAGCTCTATTC-1,5.1577163,3.5728202
GCCTAGCTTCTCAT-1,6.238397,4.2844944
GCCTCAACCATGGT-1,4.2393727,7.2611685
GCCTCAACTCTTTG-1,2.3029492,2.2492535
GCGAAGGAACTCTT-1,9.121303,4.895776
GCGAAGGATGCCAA-1,4.882878,7.306804
GCGAGAGAGGGACA-1,6.075401,2.602056
GCGAGCACTTGACG-1,3.825727,7.091658
GCGATATGGTACGT-1,4.5432076,5.224023
GCGATATGGTGTTG-1,7.1546373,4.7578764
GCGCACGAAGTCGT-1,5.6179986,7.230125
GCGCATCTAGGTCT-1,7.8229995,4.7015467
GCGCATCTTCGATG-1,3.6764202,6.98761
GCGCATCTTTCTAC-1,5.576003,6.561854
GCGCGATGAACGGG-1,5.503181,5.525246
GCGGAGCTCCTGAA-1,3.8120885,4.5585275
GCGGCAACCCGATA-1,5.457381,1.9037734
GCGTATGAACACCA-1,6.2659216,2.4040291
GCTACAGAAAGGTA-1,3.4543245,4.91002
GCTACCTGATCACG-1,4.0630198,4.0118103
GCTACGCTAGAATG-1,4.0818048,7.6605
GCTACGCTAGCTAC-1,5.4926667,1.7111787
GCTACGCTCCCTAC-1,4.069672,3.2383025
GCTAGAACGGATCT-1,2.8532503,2.4158342
GCTAGAACTCCCGT-1,8.29803,4.4188476
GCTATACTAAGGCG-1,3.5655766,4.7019095
GCTATACTCTCTTA-1,5.5982885,6.743414
GCTATACTGGACGA-1,5.048229,1.8550738
GCTCAGCTGTCTAG-1,7.1352115,5.5464983
GCTCCATGCCGAAT-1,5.4712043,5.3873672
GCTTAACTGCTGAT-1,5.11303,5.7116675
GCTTAACTTCAGTG-1,5.7554903,4.294361
GGAACTACTACTTC-1,5.978742,2.8545194
GGAACTTGAGAATG-1,5.8240743,2.341905
GGAAGGACCACTAG-1,5.0250893,2.8206048
GGAAGGACGAGGGT-1,5.2990026,5.002415
GGAAGGACGCGAAG-1,5.675201,2.1780446
GGAATCTGAAGGGC-1,5.9090676,1.9677213
GGAATCTGAGGAGC-1,2.5331466,3.2052126
GGAATCTGGGAGGT-1,3.4666383,5.335246
GGAATGCTTTCTAC-1,5.7398844,6.3583617
GGACAGGATCTCGC-1,4.3181915,3.2886674
GGACCGTGTAACGC-1,3.3396788,2.3580642
GGACGCTGCTAGCA-1,5.117246,7.3126054
GGAGCGCTCCGAAT-1,4.7751536,1.1186041
GGAGGATGCCACCT-1,6.912035,6.9765697
GGAGGCCTTTCTTG-1,4.1047735,4.3373847
GGAGGTGATACGCA-1,6.1167326,2.7488346
GGAGGTGATCGCTC-1,4.739088,3.2137804
GGATACTGCAGCTA-1,6.0154448,2.5273006
GGATACTGTCTAGG-1,3.5532558,2.2395365
GGATAGCTCGTCTC-1,3.4959338,2.453269
GGATGTACGCGAAG-1,7.2992315,5.0134234
GGATTTCTAGGTTC-1,6.0251837,2.808986
GGCAAGGAAGAAGT-1,2.5346122,2.893045
GGCAAGGAGGACTT-1,4.9929767,4.437069
GGCACTCTTTTGTC-1,2.6952515,3.19861
GGCATATGTGTGAC-1,2.3000553,2.4018128
GGCCACGACAGAGG-1,8.710152,4.56503
GGCCAGACTGGTTG-1,2.589275,2.8070655
GGCCGAACAACGAA-1,7.0568976,4.799492
GGCCGAACGCAGAG-1,8.394354,4.8484755
GGCCGAACGTAGGG-1,4.376763,6.6501274
GGCCGATGCAGGAG-1,2.8150692,3.804276
GGCCGATGCCGAAT-1,3.4041274,1.2297984
GGCGACTGCGTAAC-1,3.3384683,1.3738978
GGCGCATGCTCCAC-1,3.5879185,4.540269
GGCGCATGTGGAAA-1,8.1688,4.4157944
GGCGGACTAGAGGC-1,4.546897,2.0103068
GGCGGACTCTGACA-1,5.704396,4.6229773
GGCGGACTTACTGG-1,6.519601,6.168656
GGCGGACTTGAACC-1,5.240542,2.1235085
GGCTAAACTCTTAC-1,3.9037433,4.6811686
GGCTAATGGTCTAG-1,5.2622027,6.5184383
GGGACCACAGAACA-1,5.372394,6.200731
GGGACCACGAATAG-1,4.520154,3.3681405
GGGACCACGTCATG-1,5.288697,7.5634685
GGGACCACTCAAGC-1,8.847597,5.204273
GGGACCACTCGTGA-1,4.4922814,5.903966
GGGACCACTGCATG-1,7.0092845,5.7248836
GGGACCTGCTTGCC-1,5.0863695,5.871426
GGGATGGATACTTC-1,3.9198387,2.779892
GGGATTACGTCTAG-1,4.7699375,8.170811
GGGCACACGTTGCA-1,2.3944733,3.297378
GGGCAGCTTTTCTG-1,4.7598767,6.724014
GGGCCATGTTGACG-1,3.531177,3.676031
GGGTAACTCAGCTA-1,4.2441955,7.286926
GGGTAACTCTGGAT-1,6.7938585,4.244897
GGTACAACTGCAAC-1,2.7331882,4.090545
GGTACATGAGCTCA-1,4.816301,1.3326796
GGTACATGCGGTAT-1,7.704889,4.082499
GGTACATGGTTACG-1,6.7811303,3.0437825
GGTACATGTGGGAG-1,5.0697966,1.4848052
GGTAGTACCCTGTC-1,5.334859,7.92375
GGTAGTACTGTCTT-1,6.2957325,1.8205765
GGTCAAACCAAAGA-1,4.436688,4.3916135
GGTGATACTGTTTC-1,3.3524597,5.497015
GGTGGAGAAGTAGA-1,3.2817414,2.554429
GGTGGAGATCGATG-1,3.6370783,4.0790887
GTAAGCACAACGGG-1,5.538113,4.6422267
GTAATAACGTTGTG-1,6.994216,6.9037933
GTACCCTGGAGCTT-1,6.5148916,5.9850183
GTACCCTGTGAACC-1,5.8999925,2.9415689
GTAGACTGTATTCC-1,6.191409,5.1033335
GTAGCCCTGACGTT-1,4.7267623,7.3820353
GTAGCTGAATTCGG-1,4.361485,4.031077
GTAGTGACCTCATT-1,4.4897456,6.839468
GTAGTGTGTGGTTG-1,6.674578,7.226196
GTATCTACGTTACG-1,4.454948,2.1188474
GTATTAGAAACAGA-1,2.7774036,1.5757478
GTATTAGAGGTCTA-1,8.514853,3.7489762
GTATTCACACAGCT-1,4.932837,7.7253733
GTCAACGACACTGA-1,4.6568727,8.183158
GTCAATCTTGTGGT-1,5.145739,7.067678
GTCACCTGCCTCCA-1,5.9042416,4.8194933
GTCACCTGTCCCGT-1,4.688659,8.077857
GTCATACTTTGACG-1,5.172652,6.2121477
GTCCAAGAAAAACG-1,5.1738896,6.0584903
GTCCACTGACCTCC-1,3.7527456,6.4656577
GTCCAGCTACGGGA-1,4.712758,5.394735
GTCGACCTGTTCAG-1,7.957474,4.2756724
GTGAACACACTCTT-1,6.4637957,5.7708826
GTGAACACTCAGGT-1,7.5316525,4.0248938
GTGACCCTTAAGCC-1,8.647057,4.750246
GTGATGACAAGTGA-1,2.4275334,2.6238568
GTGATTCTCATTTC-1,3.2536366,1.5580099
GTGATTCTGTCGAT-1,5.7613854,7.2339787
GTGCCACTCAGGAG-1,4.8174834,6.9862914
GTGGATTGCGGAGA-1,2.936688,3.7142613
GTGGATTGTAACGC-1,5.422486,5.876018
GTGTACGATCAGTG-1,6.317095,5.751758
GTGTAGTGGGTACT-1,3.8031542,2.50069
GTTAAATGCTCGAA-1,6.8316703,3.3163762
GTTAACCTAGCTAC-1,5.8945055,1.6217188
GTTAGGTGCACTCC-1,7.674677,3.4282358
GTTATAGAGGACAG-1,3.9726331,7.0782256
GTTATGCTTTCATC-1,5.9648943,5.3017735
GTTCAACTTATGCG-1,5.388773,7.783641
GTTGAGTGTGCTTT-1,4.7502284,1.161744
GTTGATCTGGGACA-1,9.242199,4.7730527
GTTGTACTTTTGGG-1,5.291148,7.48877
TAAACAACCAACCA-1,2.7324936,3.6026556
TAAAGACTCAGGAG-1,5.021439,1.3048548
TAAATCGATGAGGG-1,5.7484484,2.6431448
TAACCGGACTTACT-1,7.0992565,5.858799
TAACGTCTCATTGG-1,4.5348134,4.3287253
TAACTAGAATTTCC-1,3.554144,2.170777
TAACTAGACTTAGG-1,2.493403,2.7111614
TAACTAGATCTGGA-1,5.307893,6.0053153
TAAGATTGCGTAGT-1,4.1746426,3.7364652
TAAGATTGTTGCTT-1,4.2007136,1.8398094
TAAGCGTGGGAAAT-1,5.1513066,5.7213397
TAAGGCTGCCATGA-1,4.2340727,3.2651417
TAAGGCTGCTGCTC-1,6.1154475,5.2934575
TAAGGGCTGCTGTA-1,2.9091535,1.6207713
TAAGGGCTTTACTC-1,4.3422337,3.6831691
TAAGTAACCTGTAG-1,4.6682634,1.2406944
TAAGTAACTTGTCT-1,6.466347,3.3066673
TAATGATGAGCGGA-1,5.664847,4.4723353
TAATGCCTCATGAC-1,2.5318005,3.5926309
TAATGTGAAGATGA-1,6.6300898,6.355175
TAATGTGATTACTC-1,5.178996,6.9364204
TACAAATGGGTACT-1,3.2131486,3.6632972
TACAATGACTTAGG-1,5.2824593,2.222358
TACACACTCACACA-1,3.8237948,5.547448
TACACACTCTTACT-1,5.7718296,2.526145
TACATCACACGGGA-1,6.141709,6.440876
TACCATTGAGGTTC-1,4.3042507,6.373558
TACCGGCTGTTGGT-1,4.878659,8.01921
TACGAGTGATCTCT-1,3.5879023,4.39241
TACGAGTGCGGAGA-1,2.7465346,2.0635908
TACGAGTGGTTGGT-1,3.7053392,1.7528691
TACGATCTAGTGTC-1,7.354663,5.8634176
TACGCCACATTCCT-1,3.1834621,0.597229
TACGTACTACGGAG-1,2.3016167,2.6321917
TACGTACTCAGTTG-1,4.526768,2.9584522
TACGTTACAGAAGT-1,5.7592454,1.5250752
TACTAAGAATCACG-1,7.858412,4.251478
TACTAAGATTGCGA-1,4.2741904,3.6216023
TACTACACGAGAGC-1,3.2057219,2.3008533
TACTACTGATTCTC-1,5.3830314,5.972122
TACTACTGTATGGC-1,4.21399,6.899452
TACTCCCTCAGTTG-1,6.978575,4.3383718
TACTCTGACGAGTT-1,4.4530473,3.0956259
TACTGGGATCGATG-1,4.24599,3.2036173
TACTGTTGAAAGCA-1,3.566443,4.7294555
TAGAAACTAATCGC-1,5.184057,5.403393
TAGAATTGCGACAT-1,7.001658,6.8689995
TAGAATTGTATCGG-1,4.894097,5.688178
TAGACGTGCTTGAG-1,7.23474,4.140371
TAGACGTGTCGCTC-1,3.482306,4.5151887
TAGATTGAGGCATT-1,9.292943,4.4191556
TAGCATCTCCCTCA-1,8.554892,3.7767847
TAGCATCTGGGACA-1,6.2875657,5.908125
TAGCATCTTGTCGA-1,5.541906,7.180274
TAGCCCACAAAAGC-1,4.577251,3.0116432
TAGCCCACCCACAA-1,7.1925344,5.3804655
TAGCCCTGCGGAGA-1,7.2248015,3.5678933
TAGCCGCTTACGAC-1,3.481115,4.319523
TAGCTACTGTAGCT-1,3.999104,7.602834
TAGGACTGTGCTGA-1,6.095689,3.9236019
TAGGAGCTGAGGGT-1,6.670167,3.0243337
TAGGTCGACACTGA-1,5.2123666,6.519288
TAGGTGACACACTG-1,4.7249675,1.1245412
TAGGTGTGTTCTGT-1,4.7081523,2.293651
TAGGTTCTGAAGGC-1,3.2805955,3.1958716
TAGTAAACCTCGCT-1,5.2228923,6.0503516
TAGTAAACGTCACA-1,2.5492182,2.2526627
TAGTAATGAGATCC-1,3.4475775,2.418157
TAGTATGATTCTCA-1,4.90836,1.7949909
TAGTCTTGGCTGTA-1,9.254073,4.8494444
TAGTCTTGGGACTT-1,8.894406,4.3982244
TAGTTAGATGAACC-1,2.919657,4.860982
TATAAGACAACAGA-1,9.359678,4.484453
TATACAGAAGAACA-1,6.953937,5.8250747
TATACAGATCCAGA-1,4.9293184,4.1373086
TATACGCTACCAAC-1,5.5474024,2.8640614
TATAGATGGACGGA-1,3.511689,3.9908648
TATCTCGAGAGATA-1,8.896786,5.0391994
TATCTGACTGTTTC-1,6.497623,1.7956502
TATCTTCTAAACAG-1,4.6801295,7.862018
TATGCGGATAACCG-1,5.592423,2.3417962
TATGGTCTCTACCC-1,5.9492455,5.413631
TATGTGCTGGATTC-1,5.0522337,5.741349
TATTGCTGTCTGGA-1,6.7768617,6.2117195
TATTGCTGTGCACA-1,9.021398,4.1363654
TATTTCCTGGTGTT-1,4.4981728,6.6930947
TCAAGGACAGCGTT-1,6.8859224,6.234796
TCACAACTATGTGC-1,7.256096,3.6277487
TCACATACACTTTC-1,3.1243205,2.104645
TCACATACAGGGTG-1,7.914806,5.0495286
TCAGACGACGCTAA-1,3.6315253,1.9501907
TCAGAGACTCCAGA-1,7.379945,5.586637
TCAGCAGACTCCAC-1,4.1085186,3.3424299
TCAGGATGAAGTAG-1,3.344861,6.1234446
TCAGTTACTAGAAG-1,6.134918,1.6449894
TCATCAACCCGATA-1,5.356303,5.3415265
TCATCATGCAGTTG-1,5.2295327,3.779459
TCATCCCTTACTGG-1,4.058535,2.5170977
TCCACGTGGAAACA-1,4.788969,7.7678804
TCCACTCTACACTG-1,4.785041,3.173347
TCCATAACAAAGTG-1,5.0141096,6.747426
TCCATAACGATGAA-1,2.8457718,1.7906944
TCCATAACTACGCA-1,3.4307692,6.066465
TCCCACGATCATTC-1,5.3236136,3.355002
TCCCGATGAGATCC-1,2.8517416,2.3685534
TCCGAAGACGTTAG-1,3.9463665,4.2893677
TCCGGACTGAGGTG-1,4.6478353,2.508094
TCCTAAACATCGAC-1,8.97505,4.4373326
TCCTAAACCGAGAG-1,4.2016225,1.0928286
TCCTACCTGTCGTA-1,4.322721,2.2923827
TCGACGCTTTGACG-1,4.973426,2.648722
TCGAGAACGACAGG-1,6.75813,2.5910983
TCGAGAACGTTAGC-1,2.6766713,1.6550591
TCGAGCCTTGTGAC-1,6.0926538,6.752318
TCGATACTTGCACA-1,4.6274996,2.827636
TCGATTTGCACTCC-1,5.460608,5.0369673
TCGCCATGAGACTC-1,4.8842516,5.4516726
TCGGACCTAACAGA-1,4.651639,3.7621295
TCGGACCTGTACAC-1,2.3730493,3.2019324
TCGGTAGAGTAGGG-1,7.070736,5.45445
TCGTAGGATCGACA-1,4.2868423,2.740899
TCGTTATGGACAAA-1,6.1629663,1.6375955
TCTAACTGAACCAC-1,5.8490424,1.6534122
TCTAAGCTAATGCC-1,5.992757,2.353064
TCTATGTGAGTCTG-1,8.766277,4.775546
TCTCTAGAATTTCC-1,3.7530506,2.6217
TCTGATACACGTGT-1,5.0870285,6.00344
TCTGATACTCGCCT-1,6.2923546,6.7622886
TGAACCGAAAACGA-1,4.0042243,2.5235872
TGAAGCTGAACGAA-1,5.672303,6.7964125
TGAAGCTGCGTAAC-1,6.0561547,5.244445
TGAATAACCACTTT-1,4.1991324,6.3001575
TGACCAGACAACCA-1,5.6485014,3.7222993
TGACCAGAGGATTC-1,5.6926312,7.5014586
TGACCGCTAAAAGC-1,4.570819,2.817463
TGACCGCTCTGCAA-1,7.3690844,6.2756824
TGACGCCTGTACCA-1,2.3357694,2.1650145
TGACGCCTTTACTC-1,4.251217,2.9467854
TGACTGGACCGTAA-1,5.97658,2.4350533
TGACTGGACGCAAT-1,6.191823,6.9744763
TGACTGGATTCTCA-1,2.8241477,2.0067627
TGACTTACACACCA-1,4.21236,3.5280497
TGACTTTGCGCATA-1,5.122375,7.920241
TGACTTTGTTTGTC-1,4.849242,0.9868056
TGAGACACAAGGTA-1,2.506672,3.304208
TGAGGACTTCATTC-1,2.981474,3.9006438
TGAGTGACTGAGCT-1,4.7035704,5.856283
TGATAAACGAATCC-1,5.009725,4.1553273
TGATAAACTTTCAC-1,4.224283,6.1800523
TGATACCTGTTGGT-1,4.43848,4.504868
TGATACCTTATGCG-1,4.9416685,7.5003867
TGATACCTTGAAGA-1,4.2810836,3.65187
TGATATGAACCTTT-1,3.4927301,6.8324933
TGATCACTCTCGCT-1,5.896119,5.819446
TGATTAGACATTGG-1,3.3280542,3.0079079
TGATTAGATGCTAG-1,5.277806,7.531702
TGATTCACTATGCG-1,7.018025,6.805025
TGATTCTGCCGAAT-1,3.9820807,2.0832515
TGATTCTGCTCTTA-1,3.4571323,3.7682183
TGCAAGTGAGAACA-1,3.5310478,1.8114127
TGCCAAGATCTCTA-1,4.210521,1.2501726
TGCCACTGAACGTC-1,4.2926984,1.4253567
TGCCAGCTTGGCAT-1,5.171425,3.7447367
TGCCCAACAGCAAA-1,3.1667175,2.6374426
TGCGATGAACGGTT-1,6.687328,2.7720275
TGCGATGACCTCGT-1,2.9175496,5.1565223
TGCTAGGATAGTCG-1,4.1349974,5.132112
TGCTGAGATTATCC-1,4.463834,4.282204
TGGAAAGAGCGATT-1,4.346626,2.2433846
TGGAAAGATATGGC-1,8.966463,5.359679
TGGAAGCTCAGATC-1,4.23307,7.0074964
TGGACTGAGTATGC-1,4.2116895,3.0989726
TGGAGACTTCAAGC-1,6.90173,6.280772
TGGAGGGAGCTATG-1,9.160642,4.438196
TGGATCGATAAAGG-1,3.610652,5.933893
TGGCACCTTCACGA-1,9.242571,4.8293133
TGGGTATGAAGAGT-1,3.4047062,1.0958432
TGGGTATGCACAAC-1,2.823326,2.312693
TGGTAGACATGCCA-1,4.754426,2.2140431
TGGTAGACCTGATG-1,3.6512375,1.9673886
TGGTATCTAAACAG-1,6.4864573,5.547923
TGGTATCTCTTCCG-1,5.179308,7.342657
TGGTCAGACCCAAA-1,2.9104683,6.119705
TGGTTACTGTTCTT-1,3.6596527,7.061765
TGTAACCTAGAGGC-1,3.1716368,3.7762177
TGTAGGTGCTATGG-1,3.0689003,2.476926
TGTAGGTGTGCTGA-1,3.1810572,5.3291464
TGTAGTCTTCCAGA-1,2.8766818,6.114044
TGTATCTGTTAGGC-1,3.7841654,3.0005617
TGTATGCTGTAGGG-1,7.0065007,4.0096517
TGTATGCTTTCATC-1,6.5768085,2.8894594
TGTCAGGAATACCG-1,4.785696,8.015449
TGTCTAACCCCTTG-1,6.0101213,6.0945306
TGTGAGACTTGAGC-1,4.861419,2.825831
TGTGAGTGACCACA-1,7.3275466,6.2438536
TGTGATCTGACACT-1,9.155872,5.180799
TTAACCACCGTAAC-1,5.8488708,1.3936878
TTACACACGTGTTG-1,7.18224,2.8779624
TTACACACTCCTAT-1,4.2492514,7.0029655
TTACCATGGTTGAC-1,2.5224857,2.8853912
TTACGACTGAGAGC-1,4.074694,2.195416
TTACTCGAGGGTGA-1,5.273844,5.4046874
TTAGAATGTGGTGT-1,6.282865,6.293014
TTAGAATGTGTAGC-1,9.062477,4.3330164
TTAGACCTCCTACC-1,4.6908755,5.564673
TTAGCTACAACCGT-1,6.0586495,7.2672033
TTAGCTACTTTCGT-1,2.6126173,3.0738435
TTAGTCACCAGTTG-1,3.7713184,3.993631
TTAGTCTGTGCACA-1,6.977341,2.8155873
TTATGAGAGATAAG-1,8.752096,3.8789797
TTATTCCTTCGTGA-1,3.4160528,3.1677706
TTCAACACAACAGA-1,4.545356,4.2992363
TTCAAGCTAGATGA-1,3.9095483,4.3245335
TTCAAGCTGTTGAC-1,3.277133,2.5927987
TTCAAGCTTGATGC-1,4.3374715,4.879303
TTCAAGCTTTCGCC-1,4.8818583,7.694752
TTCAGACTACCCAA-1,9.122371,4.2418895
TTCAGACTCTCGAA-1,6.190866,4.194742
TTCAGTACCGACTA-1,3.9525075,4.450002
TTCAGTACTCAAGC-1,2.3955145,3.4973156
TTCAGTTGCCAAGT-1,6.78144,4.2440386
TTCAGTTGTCTAGG-1,9.260558,4.7620482
TTCATGTGTGGTGT-1,5.282763,2.2800293
TTCATTCTTCTCTA-1,7.206325,4.61754
TTCCATGACTGTCC-1,8.941107,4.861728
TTCCTAGAAAGTGA-1,6.9662747,5.390697
TTCGAGGACTCTAT-1,4.7536387,2.6556218
TTCGAGGAGGGCAA-1,3.38488,1.3449377
TTCGATTGAGCATC-1,6.235713,4.588368
TTCGGAGATGTGCA-1,5.714524,4.771541
TTCGTATGGTCTGA-1,4.829412,4.361123
TTCTACGAACGTAC-1,3.0773711,5.3941426
TTCTACGAGTTGGT-1,4.1357946,2.1054647
TTCTAGTGACACGT-1,2.4638216,3.6563807
TTCTCAGAAGAGAT-1,3.767857,3.92315
TTCTCAGATGGAGG-1,2.994098,2.62194
TTGAATGACTTACT-1,6.5977235,6.0901003
TTGACACTCTGTAG-1,6.1276035,4.58292
TTGAGGTGGACGGA-1,5.741349,4.9876194
TTGCATTGTGACTG-1,3.1887023,4.5593643
TTGCTAACCACTCC-1,6.869587,6.751035
TTGGAGACCAATCG-1,3.5510294,3.1804612
TTGGGAACTGAACC-1,4.8272147,7.8793144
TTGGTACTCTTAGG-1,6.9957952,6.8929205
TTGTACACTTGCAG-1,3.502014,1.8703196
TTGTAGCTAGCTCA-1,3.494887,2.0340612
TTTAGCTGATACCG-1,4.9600854,7.9278474
TTTCACGAGGTTCA-1,6.176819,6.800618
TTTCCAGAGGTGAG-1,3.3580093,3.0868745
TTTGCATGCCTCAC-1,4.400716,5.866768
