,louvain_labels
AAACATACAACCAC-1,0
AAACATTGATCAGC-1,0
AAACGCACTGGTAC-1,0
AAACGCTGTAGCCA-1,1
AAACTTGATCCAGA-1,0
AAAGAGACGAGATA-1,0
AAAGAGACGGACTT-1,1
AAAGAGACGGCATT-1,1
AAAGCCTGTATGCG-1,0
AAAGTTTGTAGAGA-1,1
AAATCAACACCAGT-1,1
AAATCAACCAGGAG-1,0
AAATCAACGGAAGC-1,0
AAATCAACTCGCAA-1,0
AAATCCCTCCACAA-1,1
AAATGTTGCCACAA-1,0
AAATTCGAAGGTTC-1,1
AAATTCGAGGAGTG-1,0
AAATTGACTCGCTC-1,0
AACAAACTCATTTC-1,0
AACAAACTTTCGTT-1,0
AACAATACGACGAG-1,0
AACACGTGCAGAGG-1,0
AACACGTGGAAAGT-1,0
AACACGTGGCTACA-1,0
AACCCAGATCGCTC-1,0
AACCGATGCTCCCA-1,0
AACCGCCTAGCGTT-1,0
AACCTACTGTGTTG-1,0
AACCTTACGAGACG-1,0
AACCTTTGGACGGA-1,0
AACGCAACAAGTAG-1,0
AACGCATGACCCAA-1,0
AACGCATGCCTTCG-1,0
AACGCATGTACTTC-1,0
AACGCCCTCGGGAA-1,0
AACGCCCTGGCATT-1,0
AACGTGTGAAAGCA-1,0
AACGTGTGTCCAAG-1,0
AACGTGTGTGCTTT-1,0
AACTACCTTAGAGA-1,0
AACTCTTGCAGGAG-1,0
AACTTGCTGGGACA-1,0
AAGAACGAGTGTTG-1,1
AAGACAGAGGATCT-1,0
AAGATTACAACCTG-1,0
AAGCAAGAGCGAGA-1,0
AAGCACTGCATACG-1,1
AAGCCAACGTGTTG-1,0
AAGCCATGCGTGAT-1,0
AAGCCATGTCTCGC-1,1
AAGCCTGACATGCA-1,0
AAGCGACTGTGTCA-1,0
AAGCGTACGTCTTT-1,1
AAGGTCTGACAGTC-1,0
AAGGTCTGCAGATC-1,1
AAGTATACCGAACT-1,0
AAGTCCGACTTGTT-1,0
AAGTCCGATAGAAG-1,0
AAGTCTCTAGTCGT-1,0
AAGTTCCTTCTTAC-1,0
AATAAGCTCGAATC-1,0
AATAAGCTCGTTGA-1,0
AATACCCTGGCATT-1,0
AATCCTACCGGTAT-1,0
AATCGGTGTGCTTT-1,0
AATCTAGAAAAGTG-1,0
AATCTAGAATCGGT-1,0
AATCTCACTCTAGG-1,0
AATCTCTGAACAGA-1,0
AATGGCTGCGTGAT-1,0
AATGGCTGTGAAGA-1,0
AATGTAACGGTGGA-1,0
AATGTCCTCTTCTA-1,0
AATGTTGACAGTCA-1,0
AATGTTGATCTACT-1,0
AATTACGACTTCTA-1,0
AATTACGAGTGAGG-1,0
ACAAAGGAGGGTGA-1,0
ACAACCGAGTTACG-1,0
ACAAGAGACTTATC-1,1
ACAATCCTAACCGT-1,0
ACACGAACAGTTCG-1,0
ACAGACACGGCATT-1,0
ACAGACACGTTGTG-1,0
ACAGGTACCCCACT-1,0
ACAGTCGACCCAAA-1,1
ACAGTGTGGTCACA-1,1
ACATGGTGAAGCCT-1,0
ACATGGTGCGAGTT-1,0
ACATTCTGGCATAC-1,0
ACCAACGACATGCA-1,1
ACCACAGAAAGTAG-1,1
ACCACAGAGTTGGT-1,0
ACCACCTGTGTGCA-1,1
ACCACGCTACAGCT-1,0
ACCACGCTGCGAGA-1,0
ACCACGCTGCTGTA-1,0
ACCAGCCTGACAGG-1,0
ACCAGTGAGGGATG-1,0
ACCATTACCTTCTA-1,0
ACCATTACGAGATA-1,0
ACCATTTGTCATTC-1,0
ACCCAAGAGGACAG-1,0
ACCCACTGGACAGG-1,1
ACCCAGCTCAGAAA-1,0
ACCCAGCTTGCTTT-1,0
ACCCGTTGCTGCAA-1,0
ACCCTCGACCTATT-1,0
ACCGTGCTACCAGT-1,0
ACCTCCGAGTCCTC-1,0
ACCTCCGATATGCG-1,0
ACCTCCGATGCTGA-1,1
ACGAAGCTCTCCAC-1,1
ACGACCCTGATGAA-1,0
ACGACCCTTGACCA-1,0
ACGAGGGACGAACT-1,0
ACGAGGGATGTAGC-1,0
ACGATGACAATGCC-1,0
ACGATGACTGGTCA-1,0
ACGATTCTACGGGA-1,1
ACGCCGGAAAGCCT-1,0
ACGCCGGAAATGCC-1,0
ACGCGGTGGCGAGA-1,0
ACGCTCACAGTACC-1,0
ACGCTCACCCTTGC-1,0
ACGGATTGGTTAGC-1,0
ACGGCTCTGAGCAG-1,0
ACGGCTCTTGCACA-1,0
ACGGTAACGGTGGA-1,1
ACGGTCCTAACGGG-1,0
ACGGTCCTCGGGAA-1,0
ACGTAGACAACCAC-1,0
ACGTCAGAAACGAA-1,0
ACGTCAGAGGGATG-1,0
ACGTGATGGGTCTA-1,0
ACGTGCCTCCGTAA-1,0
ACGTTACTTTCCAT-1,0
ACGTTGGAAAAGCA-1,0
ACGTTTACATCAGC-1,0
ACTAAAACCCACAA-1,0
ACTACGGAATTTCC-1,0
ACTACGGACCTATT-1,0
ACTACGGATCGCTC-1,0
ACTACTACTAAGGA-1,0
ACTAGGTGGAACTC-1,0
ACTATCACTGCCAA-1,0
ACTCAGGACTGAAC-1,0
ACTCCTCTCAACTG-1,0
ACTCTCCTGACACT-1,1
ACTCTCCTGCATAC-1,0
ACTCTCCTGTTTGG-1,0
ACTGTTACTGCAGT-1,0
ACTTAAGAACCACA-1,0
ACTTAGCTGGGAGT-1,0
ACTTCAACAAGCAA-1,0
ACTTCCCTTTCCGC-1,0
ACTTGGGAGGTTTG-1,0
ACTTGTACCTGTCC-1,1
ACTTTGTGGAAAGT-1,0
AGAAAGTGCGCAAT-1,0
AGAACAGAGACAAA-1,0
AGAACGCTTTGCTT-1,0
AGAAGATGTGACTG-1,0
AGAATTTGTAACCG-1,0
AGAATTTGTAGAGA-1,1
AGACACACTGTAGC-1,0
AGACCTGACCAACA-1,0
AGACGTACAGAGGC-1,0
AGACTGACCCTTTA-1,0
AGAGATGACTGAAC-1,1
AGAGATGATTGTGG-1,0
AGAGTGCTCAGCTA-1,0
AGAGTGCTCGAATC-1,0
AGAGTGCTGTCATG-1,0
AGATATACGATGAA-1,0
AGATTCCTATCGTG-1,0
AGCAAAGATATGCG-1,0
AGCACAACAGTCTG-1,0
AGCACTGAGGGAGT-1,0
AGCACTGATATGCG-1,0
AGCACTGATTGCGA-1,0
AGCATCGAAGATCC-1,0
AGCATCGAGTGAGG-1,0
AGCCAATGTATCTC-1,0
AGCCGGTGCCAATG-1,0
AGCCGGTGTGTTTC-1,0
AGCCGTCTCAATCG-1,0
AGCCGTCTGAGAGC-1,0
AGCCTCACGTTCGA-1,0
AGCGAACTGGATCT-1,0
AGCGAACTTACTGG-1,0
AGCGATACGGAGCA-1,0
AGCGCCGAATCTCT-1,1
AGCGCCGACAGAGG-1,0
AGCGCTCTACCTTT-1,0
AGCGGCACCGGGAA-1,0
AGCGGCTGATGTGC-1,0
AGCGGGCTTGCCAA-1,0
AGCGTAACATGCTG-1,0
AGCTCGCTACTGGT-1,0
AGCTCGCTCTGCTC-1,0
AGCTGAACCTCTCG-1,0
AGCTGCCTTTCATC-1,0
AGCTGCCTTTCTGT-1,0
AGCTGTGATCCAAG-1,1
AGCTTTACAAGTAG-1,0
AGGAAATGAGGAGC-1,0
AGGAATGATAACGC-1,0
AGGAATGATTTGTC-1,0
AGGAGTCTGGTTTG-1,0
AGGAGTCTTGTCAG-1,0
AGGATAGACATTTC-1,0
AGGCAACTGAAGGC-1,0
AGGCCTCTAGTCGT-1,0
AGGCCTCTCGGAGA-1,0
AGGCCTCTCGTAAC-1,1
AGGGACGACGTTGA-1,0
AGGGACGAGTTGTG-1,0
AGGGAGTGAGCCTA-1,0
AGGGCCACCATACG-1,0
AGGGCGCTATGGTC-1,0
AGGTGGGAAGAATG-1,0
AGGTGGGAAGTTCG-1,0
AGGTTCGAGGGTGA-1,1
AGTAAGGAGTTTGG-1,0
AGTAAGGATTCTTG-1,0
AGTAATTGTCCCAC-1,0
AGTACGTGAGGGTG-1,0
AGTACGTGCTGCAA-1,0
AGTACGTGCTTGGA-1,0
AGTACTCTCGGTAT-1,0
AGTATCCTAGAACA-1,0
AGTCAGACGAATAG-1,0
AGTCAGACGCTTAG-1,0
AGTCAGACTGCACA-1,0
AGTCCAGATATCTC-1,1
AGTCCAGATTTCAC-1,0
AGTCGAACCAACCA-1,0
AGTCGCCTCCGTAA-1,0
AGTCTTACACCACA-1,0
AGTGTTCTAACCTG-1,0
AGTGTTCTATAAGG-1,1
AGTTAAACCACTTT-1,0
AGTTATGACTGAGT-1,0
AGTTATGAGTTCAG-1,0
AGTTGTCTACTACG-1,0
AGTTTAGATGGTCA-1,0
AGTTTGCTACAGTC-1,0
AGTTTGCTCCAAGT-1,0
ATAAACACCACCAA-1,0
ATAACAACGTCTAG-1,0
ATAACAACTTTGTC-1,0
ATAACATGTACTCT-1,0
ATAACCCTGTTGGT-1,1
ATAACCCTTGGTAC-1,0
ATAAGTTGTCTAGG-1,0
ATAATCGATGGTTG-1,0
ATAATGACCTACTT-1,0
ATACAATGTTAGGC-1,0
ATACCGGACTTCGC-1,0
ATACCGGATCTCGC-1,1
ATACCTACGCATCA-1,0
ATACCTTGGGGCAA-1,0
ATAGATACCATGGT-1,0
ATAGATACGACGAG-1,0
ATAGCCGAACGGAG-1,0
ATAGCGTGCAGATC-1,0
ATAGCGTGTCTCTA-1,0
ATAGCTCTCTGATG-1,0
ATAGCTCTGAGGTG-1,0
ATAGGCTGTCAGAC-1,0
ATAGTCCTTGTCGA-1,0
ATAGTTGACAACTG-1,0
ATAGTTGAGACGTT-1,1
ATAGTTGATAAGCC-1,0
ATATACGAAGCCAT-1,0
ATATACGAATTGGC-1,0
ATATGCCTGGACAG-1,0
ATATGCCTTCTCTA-1,1
ATATGCCTTGGTAC-1,0
ATCAACCTAAACGA-1,0
ATCAACCTGAGGAC-1,0
ATCACACTTTGTCT-1,0
ATCCAGGATGGAAA-1,0
ATCGACGAATGACC-1,0
ATCGCCTGGGTCAT-1,0
ATCGCGCTGGGATG-1,0
ATCGGAACCAGTCA-1,1
ATCGGTGAGTCAAC-1,0
ATCGGTGATTGCAG-1,0
ATCTACACCGGGAA-1,0
ATCTCAACCTCGAA-1,1
ATCTGTTGAACGGG-1,0
ATCTGTTGACCTCC-1,0
ATCTGTTGGTTGCA-1,0
ATCTTGACACCAAC-1,0
ATCTTTCTGCATCA-1,1
ATGAAACTCTGTGA-1,0
ATGAAACTGAGGCA-1,0
ATGAGAGAAAGTGA-1,0
ATGAGAGAACGCAT-1,0
ATGAGCACACAGCT-1,0
ATGAGCACATCTTC-1,0
ATGATATGAAACAG-1,0
ATGATATGACTGGT-1,0
ATGATATGAGCACT-1,0
ATGATATGGTCATG-1,0
ATGCACGACTGTAG-1,0
ATGCACGAGTTCGA-1,0
ATGCAGTGTTCTAC-1,0
ATGCCAGAACGACT-1,0
ATGCGATGCTGAGT-1,0
ATGCGCCTTCATTC-1,0
ATGCTTTGCGAATC-1,0
ATGGACACATCGGT-1,0
ATGGGTACTATTCC-1,0
ATGGGTACTGGGAG-1,0
ATGTAAACACCTCC-1,0
ATGTAAACCCGCTT-1,0
ATGTAAACTCTCCG-1,0
ATGTACCTCAGTCA-1,0
ATGTACCTTAGTCG-1,0
ATGTCACTCTGCTC-1,1
ATGTCGGAGGTGAG-1,0
ATGTTCACCGTAGT-1,0
ATGTTGCTTTCAGG-1,0
ATTAAGACTGCAGT-1,0
ATTAGATGTTTCAC-1,1
ATTATGGAATCTCT-1,0
ATTCAAGAACGGGA-1,0
ATTCAAGACCTTTA-1,0
ATTCGGGATTAGGC-1,0
ATTGAATGGACGGA-1,0
ATTGATGAAGGTTC-1,0
ATTGATGACTGAGT-1,0
ATTGATGAGCGAAG-1,0
ATTGATGATCTATC-1,0
ATTGCACTGACGGA-1,0
ATTGCACTTAGCCA-1,0
ATTGTAGATTGCAG-1,0
ATTGTCTGCGTACA-1,0
ATTTAGGACAGAGG-1,0
ATTTCCGAGATGAA-1,0
ATTTCCGAGTGCTA-1,0
ATTTCTCTAGCAAA-1,0
ATTTCTCTTCCCAC-1,0
CAAAGCACAGCTCA-1,0
CAAAGCTGAAAGTG-1,1
CAAATATGTGACAC-1,0
CAAATTGAGGGCAA-1,1
CAACCAGAAAAGTG-1,0
CAACCAGAAGTGCT-1,0
CAACCGCTGTTCAG-1,0
CAACCGCTTTGAGC-1,0
CAAGAAGATTCTAC-1,0
CAAGGACTGTTCAG-1,0
CAAGGTTGCTCCAC-1,0
CAATATGACATGGT-1,0
CAATATGACGTTAG-1,0
CAATATGAGGAGCA-1,0
CAATCGGAGAAACA-1,0
CAATTCACGATAGA-1,0
CAATTCACTTGTGG-1,1
CACAACGATACGAC-1,0
CACAATCTTTCCAT-1,0
CACACCTGCTTGAG-1,0
CACACCTGTATGGC-1,0
CACAGAACCTGATG-1,0
CACAGATGGGATTC-1,0
CACAGCCTTGTAGC-1,0
CACATGGAACACGT-1,0
CACATGGAAGTCGT-1,0
CACCACTGCCAACA-1,0
CACCCATGTTCTGT-1,1
CACCGGGAATCGAC-1,0
CACCGGGACGTGTA-1,0
CACCGGGACTTCTA-1,0
CACCGTACTAGCGT-1,0
CACCTGACCAGAAA-1,0
CACCTGACTCGTAG-1,0
CACGCTACAGAAGT-1,1
CACGGGACAGAGTA-1,0
CACGGGACATAAGG-1,0
CACGGGACGTAGGG-1,0
CACGGGTGTGTTTC-1,1
CACTAACTGAAAGT-1,0
CACTGCACTTCATC-1,0
CACTGCTGGAAAGT-1,0
CACTTAACCGAATC-1,0
CACTTTGAGCTGTA-1,1
CAGAAGCTCTCAAG-1,0
CAGACATGAACGGG-1,0
CAGACATGTCGACA-1,0
CAGACCCTAATGCC-1,0
CAGACCCTAGGAGC-1,0
CAGACTGAGTATGC-1,0
CAGATCGATATGGC-1,0
CAGCAATGCCTTCG-1,0
CAGCAATGGTGCTA-1,0
CAGCAATGTGACCA-1,0
CAGCACCTAAGCCT-1,0
CAGCACCTAGGCGA-1,0
CAGCCTACCCAACA-1,0
CAGCCTTGGGGACA-1,0
CAGCGGACACCCTC-1,0
CAGCGTCTAAAGCA-1,0
CAGCGTCTTATCGG-1,0
CAGCTCTGAGGCGA-1,0
CAGGCCGAACACCA-1,0
CAGGCCGAACACGT-1,0
CAGGCCGAACGACT-1,0
CAGGGCACCCAACA-1,0
CAGGGCACTCCCGT-1,0
CAGGTATGAGTCGT-1,0
CAGGTATGTGCTTT-1,0
CAGTGATGGGACAG-1,0
CAGTGTGATGTCAG-1,0
CAGTTACTGATAGA-1,0
CAGTTGGACATACG-1,0
CAGTTTACCCCAAA-1,1
CATAAATGAACTGC-1,0
CATAACCTTCTCCG-1,0
CATACTACCTCGAA-1,0
CATACTACCTGAAC-1,0
CATAGTCTAATCGC-1,0
CATAGTCTCACTTT-1,0
CATCAACTAGAAGT-1,0
CATCAACTCCCTCA-1,0
CATCATACTCAAGC-1,0
CATCGCTGGGATCT-1,0
CATCGGCTATGCTG-1,0
CATCGGCTTTGGCA-1,0
CATGAGACTCGCCT-1,1
CATGCCACGGGTGA-1,0
CATGCCACTGCCAA-1,0
CATGGCCTGTGCAT-1,0
CATGTTACCTGAGT-1,0
CATTACACGGAGTG-1,0
CATTACACTACTCT-1,0
CATTGGGACTCGAA-1,1
CATTGTACAGCGTT-1,0
CATTGTACTTATCC-1,0
CATTGTTGCTAGTG-1,0
CATTTGTGCATTGG-1,0
CATTTGTGCGGAGA-1,0
CCAAGAACCCAATG-1,0
CCAAGAACGTAGCT-1,0
CCAAGAACGTGTCA-1,0
CCAAGATGTCATTC-1,0
CCAAGATGTTTCAC-1,0
CCAAGTGAGGAACG-1,0
CCAAGTGATCAAGC-1,0
CCACCATGAACGTC-1,0
CCACCATGATCGGT-1,0
CCACCATGGGGAGT-1,0
CCACTGTGTGTAGC-1,0
CCAGAAACGAACTC-1,0
CCAGAAACGGTCTA-1,0
CCAGACCTTGTGGT-1,1
CCAGCGGATGGGAG-1,0
CCAGCTACACAGTC-1,0
CCAGGTCTATGGTC-1,0
CCAGTCACGTTGTG-1,0
CCAGTGCTAACCAC-1,0
CCAGTGCTCGTAGT-1,0
CCATCCGAAAGCAA-1,0
CCATCCGAACGACT-1,1
CCATCGTGAACGGG-1,0
CCCAACACGCATCA-1,0
CCCGATTGTGTTTC-1,0
CCCTAGTGCAAAGA-1,0
CCCTCAGACGAGAG-1,0
CCCTCAGAGGTCAT-1,0
CCCTGATGCAACCA-1,0
CCCTTACTGCAGTT-1,1
CCGACACTGGTTTG-1,0
CCGACTACCGTGTA-1,0
CCGACTACTGAGGG-1,0
CCGATAGACCTAAG-1,1
CCGGTACTGTCCTC-1,0
CCGTACACAAGCAA-1,0
CCTAAACTTTCGTT-1,0
CCTAAGGACCCAAA-1,0
CCTAAGGAGGGCAA-1,1
CCTAAGGATGATGC-1,0
CCTAAGGATGTCAG-1,0
CCTACCGACTCTTA-1,0
CCTATAACCAAAGA-1,0
CCTATAACTCAGAC-1,0
CCTCGAACGTATCG-1,0
CCTCGAACTTACTC-1,0
CCTCTACTGGCATT-1,0
CCTGACTGGGGAGT-1,0
CCTGGACTCGTGAT-1,0
CCTTCACTACGACT-1,0
CGAACATGTCAGAC-1,0
CGAAGACTGTTACG-1,0
CGAATCGAGGAGGT-1,0
CGACAAACCCATAG-1,0
CGACCGGAAGGTCT-1,0
CGACCGGATGGAAA-1,0
CGACCTTGCTAGTG-1,0
CGACGTCTCGTGTA-1,0
CGACGTCTGAGGCA-1,1
CGACTCACGTCGTA-1,0
CGACTCACGTTGCA-1,1
CGACTCTGTGTGAC-1,0
CGAGAACTACGTTG-1,0
CGAGATTGGCCATA-1,1
CGAGCCGAACACCA-1,0
CGAGCCGAGGCGAA-1,0
CGAGCGTGCTCCAC-1,0
CGAGCGTGGATACC-1,0
CGAGGAGATGTCGA-1,1
CGAGGGCTCGAATC-1,1
CGATACGACAGGAG-1,0
CGATAGACCGTACA-1,0
CGATAGACTGTTCT-1,1
CGATCAGAGAGGGT-1,0
CGATCAGAGGTACT-1,0
CGCAAATGCTCGAA-1,1
CGCAACCTCCTTGC-1,0
CGCAACCTGGACGA-1,0
CGCACGGATCTTTG-1,1
CGCACTACAGAATG-1,1
CGCACTACAGCCAT-1,0
CGCACTACATTGGC-1,0
CGCAGGACCTACTT-1,1
CGCAGGTGCACTGA-1,0
CGCAGGTGGGAACG-1,0
CGCCATACTGCAAC-1,0
CGCCATTGAGAGGC-1,0
CGCCATTGCTATGG-1,0
CGCCATTGGAGACG-1,0
CGCCTAACTGCTCC-1,0
CGCGAGACACAGCT-1,0
CGCGAGACGCTACA-1,0
CGCGGATGGCCAAT-1,0
CGCTAAGAATGTCG-1,0
CGCTAAGACAACTG-1,0
CGCTAAGACCCTTG-1,0
CGCTACTGAGAACA-1,0
CGCTACTGTGAGCT-1,0
CGGAATTGGTTTGG-1,0
CGGAATTGTGGAGG-1,0
CGGACCGATGGGAG-1,1
CGGACTCTCCAATG-1,0
CGGAGGCTATTCCT-1,1
CGGAGGCTTGGATC-1,0
CGGATAACAGCTCA-1,0
CGGCACGAAGGGTG-1,0
CGGCCAGAAAGGTA-1,0
CGGCGAACGGTCTA-1,0
CGGGACTGCGTGTA-1,0
CGGGCATGACCCAA-1,1
CGGGCATGTTGTGG-1,0
CGGTAAACTCGCAA-1,0
CGGTCACTGTTTGG-1,0
CGGTCACTTACTTC-1,0
CGTAACGATCGCCT-1,0
CGTACCACACACAC-1,0
CGTACCACACGTTG-1,0
CGTACCACCTCATT-1,0
CGTACCACGGAGCA-1,0
CGTAGCCTGCGAAG-1,0
CGTCAAGAACGTGT-1,0
CGTCAAGACAGAGG-1,0
CGTCCATGCTCTTA-1,0
CGTGATGACGCTAA-1,0
CGTGTAGAAAAACG-1,0
CGTTAGGAAACCAC-1,0
CGTTTAACTGGTCA-1,0
CTAACACTAACGTC-1,0
CTAACGGATTTCTG-1,0
CTAACTACGGCAAG-1,1
CTAAGGACACCATG-1,0
CTAAGGACCGTTAG-1,0
CTAAGGTGTTGCAG-1,0
CTAAGGTGTTTCTG-1,1
CTAATAGAGCTATG-1,1
CTACCTCTCAACCA-1,0
CTACGCACTCTCCG-1,0
CTACTATGCTAAGC-1,0
CTAGAGACACTTTC-1,0
CTAGATCTCTCTAT-1,0
CTAGATCTTCGACA-1,0
CTAGGCCTCTCAGA-1,0
CTAGTTACCAGAGG-1,0
CTAGTTACCGCATA-1,0
CTATACTGCCAGTA-1,0
CTATACTGTTCGTT-1,0
CTATAGCTGTCACA-1,0
CTATCAACGAACTC-1,0
CTATCAACGCAGAG-1,0
CTATCAACTTTGGG-1,0
CTATGTACGAGAGC-1,0
CTATGTACGCTTAG-1,0
CTATGTTGAAAGCA-1,0
CTATGTTGTCCTCG-1,1
CTATGTTGTCTCGC-1,0
CTATTGTGGCAAGG-1,0
CTCAATTGGTTCAG-1,0
CTCAGAGATAGAAG-1,0
CTCAGCACTCTAGG-1,0
CTCAGCACTTGCAG-1,0
CTCAGCTGCAGTTG-1,0
CTCAGGCTGCTAAC-1,1
CTCATTGACCTTAT-1,0
CTCCATCTCTTAGG-1,0
CTCCATCTGACGAG-1,0
CTCGAAGATGTGGT-1,0
CTCGACTGCTCTAT-1,1
CTCGACTGGGTGAG-1,0
CTCGCATGCTTAGG-1,0
CTCTAAACCTCGAA-1,0
CTCTAAACGGCGAA-1,0
CTGAACGACAGTCA-1,0
CTGAACGATGAGGG-1,0
CTGAAGACCCAACA-1,0
CTGAAGTGGCTATG-1,0
CTGAAGTGTCCAGA-1,0
CTGAATCTGAATAG-1,0
CTGACCACAGCAAA-1,0
CTGAGAACCGGGAA-1,0
CTGATACTAGTAGA-1,0
CTGCAGCTAACCGT-1,0
CTGCAGCTGACACT-1,0
CTGCCAACAGGAGC-1,0
CTGCCAACCAGCTA-1,0
CTGCCAACTTGCAG-1,0
CTGCGACTCCACCT-1,1
CTGGAAACATCGAC-1,0
CTGGATGACTTGTT-1,1
CTGTAACTAACCAC-1,0
CTGTAACTAGCGTT-1,0
CTGTATACGTAAAG-1,1
CTGTATACGTTGGT-1,0
CTTAAAGAACCTGA-1,0
CTTAACACCTGTAG-1,0
CTTAAGCTACCTAG-1,0
CTTAAGCTAGTACC-1,1
CTTAAGCTCATCAG-1,0
CTTACAACTAACGC-1,0
CTTACTGACGTACA-1,0
CTTAGACTAAACGA-1,0
CTTAGGGACTTGCC-1,0
CTTAGGGAGAATCC-1,0
CTTATCGACTCATT-1,0
CTTCATGAAGTACC-1,0
CTTCATGACCGAAT-1,1
CTTGAACTACGCAT-1,0
CTTGATTGCATTCT-1,0
CTTGATTGTTTCGT-1,0
CTTTACGAGCGAAG-1,0
CTTTAGACCGTGAT-1,1
CTTTAGACGAGACG-1,1
CTTTAGACGATACC-1,0
CTTTAGTGGGTGGA-1,1
CTTTCAGAGAAACA-1,0
CTTTGATGAGCACT-1,0
CTTTGATGTGTCCC-1,0
CTTTGATGTGTGGT-1,0
GAAACAGAACTACG-1,0
GAAACAGAATCACG-1,0
GAAACAGACATTCT-1,0
GAAACCTGATCGTG-1,0
GAAACCTGATGCCA-1,0
GAAACCTGCTTATC-1,0
GAAACCTGTGCTAG-1,0
GAAAGATGATTTCC-1,0
GAAAGATGTAAGGA-1,1
GAAAGTGACTCAAG-1,0
GAAATACTTCCTCG-1,0
GAACACACTGCCTC-1,0
GAACCAACCACAAC-1,1
GAACCTGAACGTGT-1,0
GAACCTGAGAGACG-1,0
GAACCTGATGAACC-1,0
GAACGGGATACTTC-1,0
GAAGAATGCAATCG-1,0
GAAGCTACGGTTTG-1,0
GAAGGGTGAAAGTG-1,0
GAAGGTCTGAAAGT-1,0
GAAGGTCTGTTGCA-1,0
GAAGTCTGTTCTGT-1,1
GAAGTGCTTAACCG-1,0
GAATGCACCCTAAG-1,0
GAATGCTGCGGTAT-1,0
GAATTAACGATAAG-1,0
GAATTAACGGTCAT-1,0
GACAACACAGGCGA-1,0
GACAACACATCGTG-1,0
GACAACACTCGCCT-1,0
GACAACTGAGGTTC-1,0
GACAGGGAATGCCA-1,0
GACCTAGACCTCAC-1,1
GACCTAGACGAGAG-1,0
GACCTCACAAGGTA-1,0
GACCTCTGCATCAG-1,0
GACGAACTCCCACT-1,0
GACGCCGACCTTCG-1,0
GACGTAACCTATGG-1,0
GACGTAACCTGTGA-1,0
GACGTAACTATGGC-1,0
GACGTATGTTGACG-1,0
GACGTATGTTTGCT-1,0
GACGTCCTACGGAG-1,0
GACTCCTGCTCGCT-1,0
GACTCCTGGGTTAC-1,0
GACTCCTGTTATCC-1,0
GACTGATGTGATGC-1,0
GACTTTACATGCCA-1,0
GAGATGCTGAATGA-1,0
GAGGACGACTCAGA-1,1
GAGGGAACACCAGT-1,0
GAGGGAACGAGGGT-1,0
GAGGGATGGGAAAT-1,0
GAGGGCCTTCACCC-1,0
GAGGGTGAAGAGTA-1,0
GAGGTACTACGGTT-1,0
GAGGTACTGGGAGT-1,1
GAGGTGGAGTACGT-1,0
GAGTCAACCATTCT-1,1
GAGTCAACGGGAGT-1,0
GAGTCTGATCGTGA-1,0
GAGTGACTCAGCTA-1,0
GAGTGACTGTCTAG-1,0
GAGTGGGATGCCCT-1,0
GAGTGTTGCTGTAG-1,0
GAGTGTTGTGGTCA-1,0
GATACTCTATCGGT-1,0
GATACTCTTACTTC-1,0
GATAGAGACTGTGA-1,0
GATAGCACCCATAG-1,0
GATAGCACTTGTCT-1,0
GATATAACAAGGTA-1,0
GATATAACACGCAT-1,0
GATATATGCTGGAT-1,0
GATATCCTAGAAGT-1,0
GATATTGAGCCAAT-1,0
GATCGAACCGAGAG-1,0
GATCGTGACACTAG-1,0
GATCGTGATTCACT-1,0
GATCTACTGGTGAG-1,0
GATCTTACCCTACC-1,0
GATGCAACTCCAGA-1,0
GATGCCCTACGTAC-1,0
GATGCCCTCTCATT-1,0
GATGCCCTTTTGCT-1,1
GATTACCTTGTTCT-1,0
GATTCGGAACGACT-1,0
GATTCTTGCCGATA-1,0
GATTGGTGTGTCAG-1,0
GATTTGCTAACGAA-1,0
GCAACTGATTGCGA-1,0
GCAAGACTACTGGT-1,0
GCAAGACTAGGTCT-1,0
GCAAGACTCCCTTG-1,0
GCAATCGACTGCAA-1,0
GCAATTCTCGTGTA-1,0
GCAATTCTTCTCCG-1,0
GCACAAACAATGCC-1,1
GCACAAACGGTACT-1,0
GCACCTACGCGATT-1,0
GCACCTTGGCTGTA-1,0
GCACGGACCAGCTA-1,0
GCACGGTGACCTCC-1,0
GCACTAGAACGGGA-1,0
GCACTAGATGCAAC-1,0
GCAGATACGACGGA-1,1
GCAGATACGCAGAG-1,0
GCAGCCGACAGTCA-1,0
GCAGCGTGCACTCC-1,0
GCAGCTCTCAATCG-1,0
GCAGCTCTGTTTCT-1,0
GCAGGGCTAAGAAC-1,0
GCAGGGCTAAGGGC-1,0
GCAGTCCTAACTGC-1,0
GCAGTCCTCTCTTA-1,0
GCATGTGACAAGCT-1,0
GCATTGGAGAAGGC-1,0
GCCAAATGATCGAC-1,0
GCCAACCTACGGTT-1,0
GCCAACCTCGCCTT-1,1
GCCACGGATACTGG-1,0
GCCACTACGTCTTT-1,0
GCCCAACTACCGAT-1,0
GCCGAGTGCGTTGA-1,0
GCCGGAACTTACTC-1,0
GCCGTACTACCTGA-1,0
GCCTACACCTTGAG-1,0
GCCTAGCTCTATTC-1,0
GCCTAGCTTCTCAT-1,0
GCCTCAACCATGGT-1,0
GCCTCAACTCTTTG-1,0
GCGAAGGAACTCTT-1,1
GCGAAGGATGCCAA-1,0
GCGAGAGAGGGACA-1,0
GCGAGCACTTGACG-1,0
GCGATATGGTACGT-1,0
GCGATATGGTGTTG-1,0
GCGCACGAAGTCGT-1,0
GCGCATCTAGGTCT-1,1
GCGCATCTTCGATG-1,0
GCGCATCTTTCTAC-1,0
GCGCGATGAACGGG-1,0
GCGGAGCTCCTGAA-1,0
GCGGCAACCCGATA-1,0
GCGTATGAACACCA-1,0
GCTACAGAAAGGTA-1,0
GCTACCTGATCACG-1,0
GCTACGCTAGAATG-1,0
GCTACGCTAGCTAC-1,0
GCTACGCTCCCTAC-1,0
GCTAGAACGGATCT-1,0
GCTAGAACTCCCGT-1,1
GCTATACTAAGGCG-1,0
GCTATACTCTCTTA-1,0
GCTATACTGGACGA-1,0
GCTCAGCTGTCTAG-1,0
GCTCCATGCCGAAT-1,0
GCTTAACTGCTGAT-1,0
GCTTAACTTCAGTG-1,0
GGAACTACTACTTC-1,0
GGAACTTGAGAATG-1,0
GGAAGGACCACTAG-1,0
GGAAGGACGAGGGT-1,0
GGAAGGACGCGAAG-1,0
GGAATCTGAAGGGC-1,0
GGAATCTGAGGAGC-1,0
GGAATCTGGGAGGT-1,0
GGAATGCTTTCTAC-1,0
GGACAGGATCTCGC-1,0
GGACCGTGTAACGC-1,0
GGACGCTGCTAGCA-1,0
GGAGCGCTCCGAAT-1,0
GGAGGATGCCACCT-1,0
GGAGGCCTTTCTTG-1,0
GGAGGTGATACGCA-1,0
GGAGGTGATCGCTC-1,0
GGATACTGCAGCTA-1,0
GGATACTGTCTAGG-1,0
GGATAGCTCGTCTC-1,0
GGATGTACGCGAAG-1,1
GGATTTCTAGGTTC-1,0
GGCAAGGAAGAAGT-1,0
GGCAAGGAGGACTT-1,0
GGCACTCTTTTGTC-1,0
GGCATATGTGTGAC-1,0
GGCCACGACAGAGG-1,1
GGCCAGACTGGTTG-1,0
GGCCGAACAACGAA-1,1
GGCCGAACGCAGAG-1,1
GGCCGAACGTAGGG-1,0
GGCCGATGCAGGAG-1,0
GGCCGATGCCGAAT-1,0
GGCGACTGCGTAAC-1,0
GGCGCATGCTCCAC-1,0
GGCGCATGTGGAAA-1,1
GGCGGACTAGAGGC-1,0
GGCGGACTCTGACA-1,0
GGCGGACTTACTGG-1,0
GGCGGACTTGAACC-1,0
GGCTAAACTCTTAC-1,0
GGCTAATGGTCTAG-1,0
GGGACCACAGAACA-1,0
GGGACCACGAATAG-1,0
GGGACCACGTCATG-1,0
GGGACCACTCAAGC-1,1
GGGACCACTCGTGA-1,0
GGGACCACTGCATG-1,1
GGGACCTGCTTGCC-1,0
GGGATGGATACTTC-1,0
GGGATTACGTCTAG-1,0
GGGCACACGTTGCA-1,0
GGGCAGCTTTTCTG-1,0
GGGCCATGTTGACG-1,0
GGGTAACTCAGCTA-1,0
GGGTAACTCTGGAT-1,1
GGTACAACTGCAAC-1,0
GGTACATGAGCTCA-1,0
GGTACATGCGGTAT-1,1
GGTACATGGTTACG-1,0
GGTACATGTGGGAG-1,0
GGTAGTACCCTGTC-1,0
GGTAGTACTGTCTT-1,0
GGTCAAACCAAAGA-1,0
GGTGATACTGTTTC-1,0
GGTGGAGAAGTAGA-1,0
GGTGGAGATCGATG-1,0
GTAAGCACAACGGG-1,0
GTAATAACGTTGTG-1,0
GTACCCTGGAGCTT-1,0
GTACCCTGTGAACC-1,0
GTAGACTGTATTCC-1,0
GTAGCCCTGACGTT-1,0
GTAGCTGAATTCGG-1,0
GTAGTGACCTCATT-1,0
GTAGTGTGTGGTTG-1,0
GTATCTACGTTACG-1,0
GTATTAGAAACAGA-1,0
GTATTAGAGGTCTA-1,0
GTATTCACACAGCT-1,0
GTCAACGACACTGA-1,0
GTCAATCTTGTGGT-1,0
GTCACCTGCCTCCA-1,0
GTCACCTGTCCCGT-1,0
GTCATACTTTGACG-1,0
GTCCAAGAAAAACG-1,0
GTCCACTGACCTCC-1,0
GTCCAGCTACGGGA-1,0
GTCGACCTGTTCAG-1,1
GTGAACACACTCTT-1,0
GTGAACACTCAGGT-1,1
GTGACCCTTAAGCC-1,1
GTGATGACAAGTGA-1,0
GTGATTCTCATTTC-1,0
GTGATTCTGTCGAT-1,0
GTGCCACTCAGGAG-1,0
GTGGATTGCGGAGA-1,0
GTGGATTGTAACGC-1,0
GTGTACGATCAGTG-1,0
GTGTAGTGGGTACT-1,0
GTTAAATGCTCGAA-1,1
GTTAACCTAGCTAC-1,0
GTTAGGTGCACTCC-1,1
GTTATAGAGGACAG-1,0
GTTATGCTTTCATC-1,0
GTTCAACTTATGCG-1,0
GTTGAGTGTGCTTT-1,0
GTTGATCTGGGACA-1,1
GTTGTACTTTTGGG-1,0
TAAACAACCAACCA-1,0
TAAAGACTCAGGAG-1,0
TAAATCGATGAGGG-1,0
TAACCGGACTTACT-1,0
TAACGTCTCATTGG-1,0
TAACTAGAATTTCC-1,0
TAACTAGACTTAGG-1,0
TAACTAGATCTGGA-1,0
TAAGATTGCGTAGT-1,0
TAAGATTGTTGCTT-1,0
TAAGCGTGGGAAAT-1,0
TAAGGCTGCCATGA-1,0
TAAGGCTGCTGCTC-1,0
TAAGGGCTGCTGTA-1,0
TAAGGGCTTTACTC-1,0
TAAGTAACCTGTAG-1,0
TAAGTAACTTGTCT-1,0
TAATGATGAGCGGA-1,0
TAATGCCTCATGAC-1,0
TAATGTGAAGATGA-1,0
TAATGTGATTACTC-1,0
TACAAATGGGTACT-1,0
TACAATGACTTAGG-1,0
TACACACTCACACA-1,0
TACACACTCTTACT-1,0
TACATCACACGGGA-1,0
TACCATTGAGGTTC-1,0
TACCGGCTGTTGGT-1,0
TACGAGTGATCTCT-1,0
TACGAGTGCGGAGA-1,0
TACGAGTGGTTGGT-1,0
TACGATCTAGTGTC-1,0
TACGCCACATTCCT-1,0
TACGTACTACGGAG-1,0
TACGTACTCAGTTG-1,0
TACGTTACAGAAGT-1,0
TACTAAGAATCACG-1,1
TACTAAGATTGCGA-1,0
TACTACACGAGAGC-1,0
TACTACTGATTCTC-1,0
TACTACTGTATGGC-1,0
TACTCCCTCAGTTG-1,1
TACTCTGACGAGTT-1,0
TACTGGGATCGATG-1,0
TACTGTTGAAAGCA-1,0
TAGAAACTAATCGC-1,0
TAGAATTGCGACAT-1,1
TAGAATTGTATCGG-1,0
TAGACGTGCTTGAG-1,1
TAGACGTGTCGCTC-1,0
TAGATTGAGGCATT-1,1
TAGCATCTCCCTCA-1,1
TAGCATCTGGGACA-1,0
TAGCATCTTGTCGA-1,0
TAGCCCACAAAAGC-1,0
TAGCCCACCCACAA-1,0
TAGCCCTGCGGAGA-1,0
TAGCCGCTTACGAC-1,0
TAGCTACTGTAGCT-1,0
TAGGACTGTGCTGA-1,0
TAGGAGCTGAGGGT-1,0
TAGGTCGACACTGA-1,0
TAGGTGACACACTG-1,0
TAGGTGTGTTCTGT-1,0
TAGGTTCTGAAGGC-1,0
TAGTAAACCTCGCT-1,0
TAGTAAACGTCACA-1,0
TAGTAATGAGATCC-1,0
TAGTATGATTCTCA-1,0
TAGTCTTGGCTGTA-1,1
TAGTCTTGGGACTT-1,1
TAGTTAGATGAACC-1,0
TATAAGACAACAGA-1,1
TATACAGAAGAACA-1,0
TATACAGATCCAGA-1,0
TATACGCTACCAAC-1,0
TATAGATGGACGGA-1,0
TATCTCGAGAGATA-1,1
TATCTGACTGTTTC-1,0
TATCTTCTAAACAG-1,0
TATGCGGATAACCG-1,0
TATGGTCTCTACCC-1,0
TATGTGCTGGATTC-1,0
TATTGCTGTCTGGA-1,0
TATTGCTGTGCACA-1,1
TATTTCCTGGTGTT-1,0
TCAAGGACAGCGTT-1,0
TCACAACTATGTGC-1,0
TCACATACACTTTC-1,0
TCACATACAGGGTG-1,1
TCAGACGACGCTAA-1,0
TCAGAGACTCCAGA-1,1
TCAGCAGACTCCAC-1,0
TCAGGATGAAGTAG-1,0
TCAGTTACTAGAAG-1,0
TCATCAACCCGATA-1,0
TCATCATGCAGTTG-1,0
TCATCCCTTACTGG-1,0
TCCACGTGGAAACA-1,0
TCCACTCTACACTG-1,0
TCCATAACAAAGTG-1,0
TCCATAACGATGAA-1,0
TCCATAACTACGCA-1,0
TCCCACGATCATTC-1,0
TCCCGATGAGATCC-1,0
TCCGAAGACGTTAG-1,0
TCCGGACTGAGGTG-1,0
TCCTAAACATCGAC-1,1
TCCTAAACCGAGAG-1,0
TCCTACCTGTCGTA-1,0
TCGACGCTTTGACG-1,0
TCGAGAACGACAGG-1,0
TCGAGAACGTTAGC-1,0
TCGAGCCTTGTGAC-1,0
TCGATACTTGCACA-1,0
TCGATTTGCACTCC-1,0
TCGCCATGAGACTC-1,0
TCGGACCTAACAGA-1,0
TCGGACCTGTACAC-1,0
TCGGTAGAGTAGGG-1,0
TCGTAGGATCGACA-1,0
TCGTTATGGACAAA-1,0
TCTAACTGAACCAC-1,0
TCTAAGCTAATGCC-1,0
TCTATGTGAGTCTG-1,1
TCTCTAGAATTTCC-1,0
TCTGATACACGTGT-1,0
TCTGATACTCGCCT-1,0
TGAACCGAAAACGA-1,0
TGAAGCTGAACGAA-1,0
TGAAGCTGCGTAAC-1,0
TGAATAACCACTTT-1,0
TGACCAGACAACCA-1,0
TGACCAGAGGATTC-1,0
TGACCGCTAAAAGC-1,0
TGACCGCTCTGCAA-1,0
TGACGCCTGTACCA-1,0
TGACGCCTTTACTC-1,0
TGACTGGACCGTAA-1,0
TGACTGGACGCAAT-1,0
TGACTGGATTCTCA-1,0
TGACTTACACACCA-1,0
TGACTTTGCGCATA-1,0
TGACTTTGTTTGTC-1,0
TGAGACACAAGGTA-1,0
TGAGGACTTCATTC-1,0
TGAGTGACTGAGCT-1,0
TGATAAACGAATCC-1,0
TGATAAACTTTCAC-1,0
TGATACCTGTTGGT-1,0
TGATACCTTATGCG-1,0
TGATACCTTGAAGA-1,0
TGATATGAACCTTT-1,0
TGATCACTCTCGCT-1,0
TGATTAGACATTGG-1,0
TGATTAGATGCTAG-1,0
TGATTCACTATGCG-1,0
TGATTCTGCCGAAT-1,0
TGATTCTGCTCTTA-1,0
TGCAAGTGAGAACA-1,0
TGCCAAGATCTCTA-1,0
TGCCACTGAACGTC-1,0
TGCCAGCTTGGCAT-1,0
TGCCCAACAGCAAA-1,0
TGCGATGAACGGTT-1,0
TGCGATGACCTCGT-1,0
TGCTAGGATAGTCG-1,0
TGCTGAGATTATCC-1,0
TGGAAAGAGCGATT-1,0
TGGAAAGATATGGC-1,1
TGGAAGCTCAGATC-1,0
TGGACTGAGTATGC-1,0
TGGAGACTTCAAGC-1,0
TGGAGGGAGCTATG-1,1
TGGATCGATAAAGG-1,0
TGGCACCTTCACGA-1,1
TGGGTATGAAGAGT-1,0
TGGGTATGCACAAC-1,0
TGGTAGACATGCCA-1,0
TGGTAGACCTGATG-1,0
TGGTATCTAAACAG-1,0
TGGTATCTCTTCCG-1,0
TGGTCAGACCCAAA-1,0
TGGTTACTGTTCTT-1,0
TGTAACCTAGAGGC-1,0
TGTAGGTGCTATGG-1,0
TGTAGGTGTGCTGA-1,0
TGTAGTCTTCCAGA-1,0
TGTATCTGTTAGGC-1,0
TGTATGCTGTAGGG-1,1
TGTATGCTTTCATC-1,0
TGTCAGGAATACCG-1,0
TGTCTAACCCCTTG-1,0
TGTGAGACTTGAGC-1,0
TGTGAGTGACCACA-1,0
TGTGATCTGACACT-1,1
TTAACCACCGTAAC-1,0
TTACACACGTGTTG-1,0
TTACACACTCCTAT-1,0
TTACCATGGTTGAC-1,0
TTACGACTGAGAGC-1,0
TTACTCGAGGGTGA-1,0
TTAGAATGTGGTGT-1,0
TTAGAATGTGTAGC-1,1
TTAGACCTCCTACC-1,0
TTAGCTACAACCGT-1,0
TTAGCTACTTTCGT-1,0
TTAGTCACCAGTTG-1,0
TTAGTCTGTGCACA-1,0
TTATGAGAGATAAG-1,1
TTATTCCTTCGTGA-1,0
TTCAACACAACAGA-1,0
TTCAAGCTAGATGA-1,0
TTCAAGCTGTTGAC-1,0
TTCAAGCTTGATGC-1,0
TTCAAGCTTTCGCC-1,0
TTCAGACTACCCAA-1,1
TTCAGACTCTCGAA-1,0
TTCAGTACCGACTA-1,0
TTCAGTACTCAAGC-1,0
TTCAGTTGCCAAGT-1,0
TTCAGTTGTCTAGG-1,1
TTCATGTGTGGTGT-1,0
TTCATTCTTCTCTA-1,0
TTCCATGACTGTCC-1,1
TTCCTAGAAAGTGA-1,0
TTCGAGGACTCTAT-1,0
TTCGAGGAGGGCAA-1,0
TTCGATTGAGCATC-1,0
TTCGGAGATGTGCA-1,0
TTCGTATGGTCTGA-1,0
TTCTACGAACGTAC-1,0
TTCTACGAGTTGGT-1,0
TTCTAGTGACACGT-1,0
TTCTCAGAAGAGAT-1,0
TTCTCAGATGGAGG-1,0
TTGAATGACTTACT-1,0
TTGACACTCTGTAG-1,0
TTGAGGTGGACGGA-1,0
TTGCATTGTGACTG-1,0
TTGCTAACCACTCC-1,0
TTGGAGACCAATCG-1,0
TTGGGAACTGAACC-1,0
TTGGTACTCTTAGG-1,0
TTGTACACTTGCAG-1,0
TTGTAGCTAGCTCA-1,0
TTTAGCTGATACCG-1,0
TTTCACGAGGTTCA-1,0
TTTCCAGAGGTGAG-1,0
TTTGCATGCCTCAC-1,0
